Workbook

Sheet Sheet1
A1: Company Name: | D1: ㈜사이냅소프트
A2: Update: | D2: 46154
J5: 계정과목 등의 금액을 결정하는데 필요한 판단의 정도 | K5: 부정 발생의 가능성 | L5: 회계 처리의 복잡성 | M5: 계정과목 등을 구성하는 거래의 성격 또는 규모의 변화 정도 | N5: 기술적, 경제적 발전과 같은 환경적 변화에 대한 민감도 | T5: 승인 | U5: 검증 | V5: 물리적통제 | W5: 기준정보관리통제 | X5: 대사 | Y5: 감독통제 | Z5: 예방(P) VS 적발(D) | AA5: Automated VS Manual | AB5: 실재성 | AC5: 완전성 | AD5: 권리와의무 | AE5: 평가 | AF5: 재무제표표시와 공시 | AG5: 발생사실 | AH5: 측정 | AJ5: O : 수시, D : 일, W : 주, M : 월, Q : 분기, A : 년 | AN5: 통제의 복잡성 | AO5: 경영진의 통제무시위험 | AP5: 통제를 수행하기 위하여 필요한 판단의 정도 | AQ5: 통제를 수행하거나 통제 운영을 모니터링하는 인원의 역량 | AR5: 통제를 수행하거나 통제운영의 적정성을 모니터링하는 주요 인원의 변동 여부 | AS5: 통제가 예방 또는 적발하고자 하는 왜곡표시의 성격과 중요성 | AT5: 통제가 다른 통제활동의 효과성에 의존하는 정도 | AU5: 과거연도 통제 운영의 효과성 평가결과 | AY5: 질문(Inquiry) | AZ5: 관찰(Observation) | BA5: 문서검사(Examination) | BB5: 재수행(Reperformance) | BD5: 평가주기(O/D/W/M/Q/A) | BP5: 상시모니터링 | BQ5: 독립적인 평가 | BR5: 통제운영자 | BS5: 동일부서의 다른인원 | BT5: 다른 부서 | BU5: 내부 통제 부서(전담조직) | BV5: 외부인원
A6: 샘플수 | B6: 프로세스번호 | C6: 프로세스이름 | D6: 하위프로세스번호 | E6: 하위프로세스이름 | F6: 위험번호 | G6: 통제활동번호 | H6: 담당자 | I6: 위험내용 | J6: Risk Assessment(모범규준) | O6: 위험평가 | P6: 통제목적 | Q6: 통제활동이름 | R6: 통제활동설명 | S6: Key Control | T6: Control Type | Z6: 통제유형 | AB6: 경영자주장 | AI6: 관련 계정과목 및 주석사항 | AJ6: 통제주기 | AK6: IPE(IUC) 식별 | AL6: 관련 시스템 | AM6: EUC 식별 | AN6: RAWC (Risk Associated With Control) | AV6: RAWC | AW6: 통제현황(WTT의 summary 수준) | AX6: 통제현황(기존프로세스) | AY6: 테스트절차 | BG6: Control Owner | BH6: 설계평가 | BP6: 평가방법(모범규준 60) | BR6: 통제수행자(모범규준 60) | BW6: 개선업무
AY7: 테스트방법 | BC7: 모집단 | BD7: 평가주기 | BE7: 표본수 | BF7: 테스트절차 | BH7: 통제활동이 정책과 연계되었는가 | BI7: 관련 통제위험을 명확하게 감소시킬 수 있을 정도로 정교한지 | BJ7: 예외사항의 정의와 적시 대응 방안이 포함되는지 | BK7: 통제를 수행하는데 사용된 정보의 신뢰성 확보 방안이 적절한지 | BL7: 통제가 설계되어 수행된 기간은 충분한지 | BM7: 통제 수행자의 적격성이 정의되었는지 | BN7: 통제 수행 빈도는 위험을 적시에 예방하거나 적발할 수 있는지 | BO7: 유의한 계정과목의 중요한 왜곡표시 원천이 완전하게 고려되었는지 | BW7: 개선업무명 | BX7: 설명 | BY7: 개선계획
A8: 1 | B8: EL | C8: 전사 | D8: EL-010 | E8: 통제환경 | F8: EL-010-10 | G8: EL-010-10-10 | H8: 유헌종 | I8: 이사회 및 경영진이 추구하는 윤리경영에 대한 준수사항이 정책화 되어 있지 않아 모든 임직원을 포함하여 외부 이해관계자에 의해 준수되지 못할 위험. | J8: Low | K8: Low | L8: Low | M8: Low | N8: Low | O8: LR | P8: 이사회 및 경영진이 추구하는 윤리경영에 대한 준수사항이 정책화 되어 있어 모든 임직원을 포함하여 외부 이해관계자에 의해 준수된다. | Q8: 윤리경영의 정책 수립 | R8: 이사회 및 경영진이 추구하는 윤리경영에 대한 준수사항은 회사의 규정 및 정책에 명문화 되어 있다. | S8: Yes | Y8: O | Z8: P | AA8: M | AB8: O | AC8: O | AD8: O | AE8: O | AF8: O | AG8: O | AH8: O | AI8: N/A | AJ8: A | AK8: N/A | AL8: N/A | AM8: N/A | AN8: L | AO8: L | AP8: L | AQ8: L | AR8: L | AS8: L | AT8: L | AU8: L | AV8: Not Higher | AW8: 1. 윤리헌장을 제정하여 홈페이지에 게시하고 있다. 2. 윤리헌장의 내용은 다음과 같다. - 우리는 인공지능, 디지털 문서, SaaS 소프트웨어를 선도하는 사이냅소프트의 일원으로서 긍지와 자부심을 가지고 높은 윤리적 가치관을 바탕으로 정직하고 공정한 자세로 업무를 처리한다. - 우리는 일체의 부정청탁 및 금품 등의 수수를 배격하고, 정직하고 공정한 자세로 업무를 처리하며 깨끗한 기업윤리를 준수한다. - 우리는 고객에게 최고 품질의 소프트웨어를 제공하여 고객만족 경영을 실천한다. - 우리는 국내외 제반 법규를 준수하고 자유경쟁의 시장 질서를 존중하며 모든 이해관계자와 공동의 발전을 추구한다. - 우리는 지역사회의 일부분으로서 공헌활동에 적극적으로 참여하고 끊임없이 새로운 가치를 창조하여 국가와 사회의 발전에 기여한다. - 우리는 임직원 개개인의 인격을 존중하고 차별 대우를 하지 않으며 공평한 기회와 공정한 평가를 받도록 하는 한편 임직원의 건강과 삶의 질 향상을 위해 노력한다. - 우리는 생명을 존중하고 환경경영에 힘써서 깨끗한 자연환경과 생활환경을 만드는데 노력한다. | AX8: 1. 윤리헌장을 제정하여 홈페이지에 게시하고 있다. 2. 윤리헌장의 내용은 다음과 같다. - 우리는 인공지능, 디지털 문서, SaaS 소프트웨어를 선도하는 사이냅소프트의 일원으로서 긍지와 자부심을 가지고 높은 윤리적 가치관을 바탕으로 정직하고 공정한 자세로 업무를 처리한다. - 우리는 일체의 부정청탁 및 금품 등의 수수를 배격하고, 정직하고 공정한 자세로 업무를 처리하며 깨끗한 기업윤리를 준수한다. - 우리는 고객에게 최고 품질의 소프트웨어를 제공하여 고객만족 경영을 실천한다. - 우리는 국내외 제반 법규를 준수하고 자유경쟁의 시장 질서를 존중하며 모든 이해관계자와 공동의 발전을 추구한다. - 우리는 지역사회의 일부분으로서 공헌활동에 적극적으로 참여하고 끊임없이 새로운 가치를 창조하여 국가와 사회의 발전에 기여한다. - 우리는 임직원 개개인의 인격을 존중하고 차별 대우를 하지 않으며 공평한 기회와 공정한 평가를 받도록 하는 한편 임직원의 건강과 삶의 질 향상을 위해 노력한다. - 우리는 생명을 존중하고 환경경영에 힘써서 깨끗한 자연환경과 생활환경을 만드는데 노력한다. | BA8: O | BC8: 윤리헌장 | BD8: A | BE8: 1 | BF8: 【문서검사】 1. 다음 항목들이 포함된 '윤리헌장'이 문서화되어 있는지 확인하고, 임직원 및 외부관계자들에게 홈페이지를 통해 공유되는지 확인한다. - 우리는 인공지능, 디지털 문서, SaaS 소프트웨어를 선도하는 사이냅소프트의 일원으로서 긍지와 자부심을 가지고 높은 윤리적 가치관을 바탕으로 정직하고 공정한 자세로 업무를 처리한다. - 우리는 일체의 부정청탁 및 금품 등의 수수를 배격하고, 정직하고 공정한 자세로 업무를 처리하며 깨끗한 기업윤리를 준수한다. - 우리는 고객에게 최고 품질의 소프트웨어를 제공하여 고객만족 경영을 실천한다. - 우리는 국내외 제반 법규를 준수하고 자유경쟁의 시장 질서를 존중하며 모든 이해관계자와 공동의 발전을 추구한다. - 우리는 지역사회의 일부분으로서 공헌활동에 적극적으로 참여하고 끊임없이 새로운 가치를 창조하여 국가와 사회의 발전에 기여한다. - 우리는 임직원 개개인의 인격을 존중하고 차별 대우를 하지 않으며 공평한 기회와 공정한 평가를 받도록 하는 한편 임직원의 건강과 삶의 질 향상을 위해 노력한다. - 우리는 생명을 존중하고 환경경영에 힘써서 깨끗한 자연환경과 생활환경을 만드는데 노력한다. | BG8: 경영지원팀 전결권자 | BH8: RCM상 '관련 정책 및 문서'를 확인한 결과 통제활동은 해당 정책과 연계되어 있음을 확인함. | BI8: RCM상 기재된 관련 통제위험을 감소시킬수 있도록 통제가 효과적으로 설계 되었음 | BJ8: 예외사항은 해당 통제의 수행시 오류가 발생할 경우로 정의하며, 추가절차를 위해 별도로 설정한 threshold는 없으며, 예외사항 발생시 즉시 추가적인 절차를 취하도록 설계됨. | BK8: 통제를 수행하는데 사용된 정보에 대한 컨트롤이 적절히 수행되고 있음. | BL8: 해당 사업연도 초에 통제가 설계되었으며, 설계이후 해당 통제의 수행기간은 충분하다고 판단됨. | BM8: 업무경험과 교육이수 등을 고려할 때 통제 수행자의 적격성은 충분함 | BN8: 본 통제활동에서 다루는 윤리경영의 정책 수립는 거래의 연간 발생 빈도 및 중요도를 고려하여 주기를 A로 설정하였으며 통제 수행빈도는 해당 위험의 적시 예방 적발을 위해 적절하다고 판단됨. | BO8: 해당 통제와 관련한 중요한 위험인 [이사회 및 경영진이 추구하는 윤리경영에 대한 준수사항이 정책화 되어 있지 않아 모든 임직원을 포함하여 외부 이해관계자에 의해 준수되지 못할 위험. ]에 대해 완전히 고려되고 있음. | BQ8: O | BS8: O
A9: 1 | B9: EL | C9: 전사 | D9: EL-010 | E9: 통제환경 | F9: EL-010-20 | G9: EL-010-20-10 | H9: 유헌종 | I9: 이사회 및 경영진이 추구하는 도덕성 및 윤리적 가치가 모든 임직원을 포함하여 외부 이해관계자에게 전달되지 못할 위험. | J9: Low | K9: Low | L9: Low | M9: Low | N9: Low | O9: LR | P9: 이사회 및 경영진이 추구하는 도덕성 및 윤리적 가치가 모든 임직원을 포함하여 외부 이해관계자에게 전달된다. | Q9: 윤리경영에 대한 이사회와 경영진 의지 강조 | R9: 이사회 및 경영진은 도덕성과 윤리적 가치를 다양한 형태로 모든 임직원을 포함한 외부 이해관계자에게 지속적으로 강조하고 있다. | S9: Yes | Y9: O | Z9: P | AA9: M | AB9: O | AC9: O | AD9: O | AE9: O | AF9: O | AG9: O | AH9: O | AI9: N/A | AJ9: A | AK9: N/A | AL9: N/A | AM9: N/A | AN9: L | AO9: L | AP9: L | AQ9: L | AR9: L | AS9: L | AT9: L | AU9: L | AV9: Not Higher | AW9: 1. 윤리헌장 실천지침에서는 윤리헌장에 포함된 제반 사항을 이행하지 않은 경우에 인사규정에 따른 징계를 할 수 있도록 규정하고 있다. 2. 윤리헌장을 포함한 제반 규정에 대해서 각 사원의 입사시에 교육이 이루어지고 있으며, 회사의 사규는 각 부서별로 각 사원이 상시열람이 가능할 수 있도록 그룹웨어(문서관리대장)에 등록되어 있다. 3. 리프레시 교육 시 전 임직원으로부터 윤리경영실천서약서를 징구한다. | AX9: 기재된 내용대로 실행 가능한 지, 어렵다면 수정해주십시오. | BA9: O | BC9: 윤리헌장 및 실천지침, 임직원리스트 | BD9: A | BE9: 1 | BF9: 【문서검사】 1. 다음의 방법을 통해 윤리경영의 중요성을 강조하는 경영진의 커뮤니케이션 여부를 확인한다. - 사이냅소프트 홈페이지를 통해 임직원 및 외부 이해관계자에게 윤리경영을 강조한 내용 2. 전 임직원으로부터 윤리경영실천서약서를 징구하고 있는지 확인한다. | BG9: 경영지원팀 전결권자 | BH9: RCM상 '관련 정책 및 문서'를 확인한 결과 통제활동은 해당 정책과 연계되어 있음을 확인함. | BI9: RCM상 기재된 관련 통제위험을 감소시킬수 있도록 통제가 효과적으로 설계 되었음 | BJ9: 예외사항은 해당 통제의 수행시 오류가 발생할 경우로 정의하며, 추가절차를 위해 별도로 설정한 threshold는 없으며, 예외사항 발생시 즉시 추가적인 절차를 취하도록 설계됨. | BK9: 통제를 수행하는데 사용된 정보에 대한 컨트롤이 적절히 수행되고 있음. | BL9: 해당 사업연도 초에 통제가 설계되었으며, 설계이후 해당 통제의 수행기간은 충분하다고 판단됨. | BM9: 업무경험과 교육이수 등을 고려할 때 통제 수행자의 적격성은 충분함 | BN9: 본 통제활동에서 다루는 윤리경영에 대한 이사회와 경영진 의지 강조는 거래의 연간 발생 빈도 및 중요도를 고려하여 주기를 A로 설정하였으며 통제 수행빈도는 해당 위험의 적시 예방 적발을 위해 적절하다고 판단됨. | BO9: 해당 통제와 관련한 중요한 위험인 [이사회 및 경영진이 추구하는 도덕성 및 윤리적 가치가 모든 임직원을 포함하여 외부 이해관계자에게 전달되지 못할 위험. ]에 대해 완전히 고려되고 있음. | BQ9: O | BS9: O | BW9: 도덕성과 윤리적 가치에 대한 책임 | BX9: [현황] 윤리헌장이 제정되어 있고, 경영진이 윤리경영에 대한 강조를 하고 있으나, 도덕성과 윤리적 가치에 대한 책임을 강조하기 위한 윤리교육, 윤리경영실천서약서 징구, 사이버신문고 제도 및 윤리헌장 위반에 대한 인사조치 규정이 구비되어 있지 아니함. [잠재적위험] 윤리교육 및 관련 제도가 구비되지 않아 윤리의식 부족으로 인해 회사 내부에서의 정보보안, 인권존중, 자산의 보호 등과 관련한 부정 뿐만 아니라, 고객과의 관계에 있어서 책임의식 부재, 불공정거래 등이 발생할 수 있고, 대외적으로 법률규정 미준수 등과 관련한 문제가 발생할 위험이 존재함. | BY9: 도덕성과 윤리적 가치에 대한 책임 강조를 보다 명확하게 하기 위해 주기적으로 교육을 실시하고, 관련 규정 및 제도를 정비해야 함.
A10: 1 | B10: EL | C10: 전사 | D10: EL-010 | E10: 통제환경 | F10: EL-010-30 | G10: EL-010-30-10 | H10: 유헌종 | I10: 윤리경영 준수에 대한 평가가 이루어지지 않아 임직원 및 외부 이해관계자에 의해 윤리경영이 실천되지 않을 위험. | J10: Low | K10: Low | L10: Low | M10: Low | N10: Low | O10: LR | P10: 윤리경영 준수에 대한 평가가 임직원 및 외부 이해관계자를 대상으로 실시되어 윤리경영이 실천되고 있다. | Q10: 윤리경영 프로그램 평가 | R10: 임직원 및 외부 이해관계자의 윤리규범 준수를 위해 윤리경영 준수에 대한 평가가 실시되고 있다. | S10: Yes | Y10: O | Z10: P | AA10: M | AB10: O | AC10: O | AD10: O | AE10: O | AF10: O | AG10: O | AH10: O | AI10: N/A | AJ10: A | AK10: N/A | AL10: N/A | AM10: N/A | AN10: L | AO10: L | AP10: L | AQ10: L | AR10: L | AS10: L | AT10: L | AU10: L | AV10: Not Higher | AW10: 1. 홈페이지에 윤리헌장을 게재하여 임직원 및 외부 이해관계자에게 윤리헌장 준수를 강조하고 있다. 2. 홈페이지의 사이버신문고를 통해 임직원 및 외부 이해관계자가 익명으로 고발할 수 있도록 하여 윤리경영 강화 제도를 수립하고 있다. | AX10: 기재된 내용대로 실행 가능한 지, 어렵다면 수정해주십시오. | BA10: O | BC10: 윤리헌장, 사이버신문고 | BD10: A | BE10: 1 | BF10: 【문서검사】 1. 홈페이지에 윤리헌장이 게재되어 있고, 사이버신문고 제도를 익명으로 운영하여 윤리경영을 강조하고 있는지 확인한다. | BG10: 경영지원팀 전결권자 | BH10: RCM상 '관련 정책 및 문서'를 확인한 결과 통제활동은 해당 정책과 연계되어 있음을 확인함. | BI10: RCM상 기재된 관련 통제위험을 감소시킬수 있도록 통제가 효과적으로 설계 되었음 | BJ10: 예외사항은 해당 통제의 수행시 오류가 발생할 경우로 정의하며, 추가절차를 위해 별도로 설정한 threshold는 없으며, 예외사항 발생시 즉시 추가적인 절차를 취하도록 설계됨. | BK10: 통제를 수행하는데 사용된 정보에 대한 컨트롤이 적절히 수행되고 있음. | BL10: 해당 사업연도 초에 통제가 설계되었으며, 설계이후 해당 통제의 수행기간은 충분하다고 판단됨. | BM10: 업무경험과 교육이수 등을 고려할 때 통제 수행자의 적격성은 충분함 | BN10: 본 통제활동에서 다루는 윤리경영 프로그램 평가는 거래의 연간 발생 빈도 및 중요도를 고려하여 주기를 A로 설정하였으며 통제 수행빈도는 해당 위험의 적시 예방 적발을 위해 적절하다고 판단됨. | BO10: 해당 통제와 관련한 중요한 위험인 [윤리경영 준수에 대한 평가가 이루어지지 않아 임직원 및 외부 이해관계자에 의해 윤리경영이 실천되지 않을 위험. ]에 대해 완전히 고려되고 있음. | BQ10: O | BS10: O | BW10: 도덕성과 윤리적 가치에 대한 책임 | BX10: [현황] 윤리헌장이 제정되어 있고, 경영진이 윤리경영에 대한 강조를 하고 있으나, 도덕성과 윤리적 가치에 대한 책임을 강조하기 위한 윤리교육, 윤리경영실천서약서 징구, 사이버신문고 제도 및 윤리헌장 위반에 대한 인사조치 규정이 구비되어 있지 아니함. [잠재적위험] 윤리교육 및 관련 제도가 구비되지 않아 윤리의식 부족으로 인해 회사 내부에서의 정보보안, 인권존중, 자산의 보호 등과 관련한 부정 뿐만 아니라, 고객과의 관계에 있어서 책임의식 부재, 불공정거래 등이 발생할 수 있고, 대외적으로 법률규정 미준수 등과 관련한 문제가 발생할 위험이 존재함. | BY10: 도덕성과 윤리적 가치에 대한 책임 강조를 보다 명확하게 하기 위해 주기적으로 교육을 실시하고, 관련 규정 및 제도를 정비해야 함.
A11: 1 | B11: EL | C11: 전사 | D11: EL-010 | E11: 통제환경 | F11: EL-010-40 | G11: EL-010-40-10 | H11: 유헌종 | I11: 윤리강령의 위반사항은 적시에 일관된 방식으로 식별되고 개선되지 않아 회사의 내·외부 이해관계자가 윤리적 가치를 준수하지 않을 위험 | J11: Low | K11: Low | L11: Low | M11: Low | N11: Low | O11: LR | P11: 윤리 위반사항이 적절히 시정조치되며 회사 윤리규범에 대한 임직원과 외부관계자들의 준수의지를 제고한다. | Q11: 윤리강령 위반사항의 적시 조사 및 처리 | R11: 윤리 위반사항의 식별, 조사, 보고 및 조치결과(대응방안)의 공표 등 일관된 절차에 의해 업무가 처리되도록 문서화하고 운영한다. | S11: Yes | Y11: O | Z11: P | AA11: M | AB11: O | AC11: O | AD11: O | AE11: O | AF11: O | AG11: O | AH11: O | AI11: N/A | AJ11: A | AK11: N/A | AL11: N/A | AM11: N/A | AN11: L | AO11: L | AP11: L | AQ11: L | AR11: L | AS11: L | AT11: L | AU11: L | AV11: Not Higher | AW11: 1. 홈페이지에서 사이버신문고(익명)를 운영하고 있으며, 접수된 내용은 OOOO팀 및 대표이사에게 이메일이 발송된다. 2. OOOO팀에서는 접수된 내용에 대해 조사를 실시하고, 그 결과를 대표이사에게 보고한다. 3. 사안에 따라 징계위원회를 개최하고, 그 결과에 따라 조치를 취하며, 유사 사례 발생 방지를 위해 관련 교육을 실시한다. 4. "취업규칙 및 징계운영기준"에 징계의 종류 및 징계사유를 기술하고, 징계심의에 대한 절차 등을 명확히 기술하고 있으며, 윤리규범 및 회사정책 위반시 징계절차에 따라 징계를 받는다. 4. "취업규칙 및 징계운영기준"에 따르면 징계사유가 발생시 징계위원회를 개최하고, 징계사유 및 징계위원회의 결과에 따라 견책, 감봉, 정직, 해고의 징계를 받도록 하고 있다. | AX11: 기재된 내용대로 실행 가능한 지, 어렵다면 수정해주십시오. | BA11: O | BC11: 윤리헌장 위반사례 접수리스트 | BD11: A | BE11: 1 | BF11: 【문서검사】 1. 윤리헌장 위반사례 접수리스트에서 표본을 추출하여 다음을 확인한다. - 접수된 내용에 대해 조사하고, 그 결과를 대표이사에게 보고했는지 여부 - 징계위원회 개최 여부 - 관련 교육 실시 여부 | BG11: 경영지원팀 전결권자 | BH11: RCM상 '관련 정책 및 문서'를 확인한 결과 통제활동은 해당 정책과 연계되어 있음을 확인함. | BI11: RCM상 기재된 관련 통제위험을 감소시킬수 있도록 통제가 효과적으로 설계 되었음 | BJ11: 예외사항은 해당 통제의 수행시 오류가 발생할 경우로 정의하며, 추가절차를 위해 별도로 설정한 threshold는 없으며, 예외사항 발생시 즉시 추가적인 절차를 취하도록 설계됨. | BK11: 통제를 수행하는데 사용된 정보에 대한 컨트롤이 적절히 수행되고 있음. | BL11: 해당 사업연도 초에 통제가 설계되었으며, 설계이후 해당 통제의 수행기간은 충분하다고 판단됨. | BM11: 업무경험과 교육이수 등을 고려할 때 통제 수행자의 적격성은 충분함 | BN11: 본 통제활동에서 다루는 윤리강령 위반사항의 적시 조사 및 처리 는 거래의 연간 발생 빈도 및 중요도를 고려하여 주기를 A로 설정하였으며 통제 수행빈도는 해당 위험의 적시 예방 적발을 위해 적절하다고 판단됨. | BO11: 해당 통제와 관련한 중요한 위험인 [윤리강령의 위반사항은 적시에 일관된 방식으로 식별되고 개선되지 않아 회사의 내·외부 이해관계자가 윤리적 가치를 준수하지 않을 위험 ]에 대해 완전히 고려되고 있음. | BQ11: O | BS11: O | BW11: 도덕성과 윤리적 가치에 대한 책임 | BX11: [현황] 윤리헌장이 제정되어 있고, 경영진이 윤리경영에 대한 강조를 하고 있으나, 도덕성과 윤리적 가치에 대한 책임을 강조하기 위한 윤리교육, 윤리경영실천서약서 징구, 사이버신문고 제도 및 윤리헌장 위반에 대한 인사조치 규정이 구비되어 있지 아니함. [잠재적위험] 윤리교육 및 관련 제도가 구비되지 않아 윤리의식 부족으로 인해 회사 내부에서의 정보보안, 인권존중, 자산의 보호 등과 관련한 부정 뿐만 아니라, 고객과의 관계에 있어서 책임의식 부재, 불공정거래 등이 발생할 수 있고, 대외적으로 법률규정 미준수 등과 관련한 문제가 발생할 위험이 존재함. | BY11: 도덕성과 윤리적 가치에 대한 책임 강조를 보다 명확하게 하기 위해 주기적으로 교육을 실시하고, 관련 규정 및 제도를 정비해야 함.
A12: 1 | B12: EL | C12: 전사 | D12: EL-010 | E12: 통제환경 | F12: EL-010-50 | G12: EL-010-50-10 | H12: 김세영 | I12: 내부회계관리제도와 관련한 이사회 및 감사의 명확하지 않은 역할과 책임의 정의로 관리 및 감독 기능이 효과적으로 작동되지 못할 위험 | J12: Low | K12: Low | L12: Low | M12: Low | N12: Low | O12: LR | P12: 재무보고 및 내부회계관리제도 감독 관련 이사회 및 감사의 역할∙책임 정의가 명확하며 내부회계관리제도 감독 기능이 효과적으로 작동된다. | Q12: 내부회계관리제도와 관련한 이사회 및 감사의 역할 및 책임 정의 | R12: 내부회계관리제도와 관련한 이사회 및 감사의 역할과 책임을 명확히 정의하고 적격성과 독립성을 주기적으로 검토한다. | S12: Yes | Y12: O | Z12: P | AA12: M | AB12: O | AC12: O | AD12: O | AE12: O | AF12: O | AG12: O | AH12: O | AI12: N/A | AJ12: A | AK12: N/A | AL12: N/A | AM12: N/A | AN12: L | AO12: L | AP12: L | AQ12: L | AR12: L | AS12: L | AT12: L | AU12: L | AV12: Not Higher | AW12: 1. 이사회의 역할, 책임 및 위임 권한은 관련 법규, 정관 및 이사회 규정 등에 정의되며, 이사회는 다음과 같은 업무를 포함하여 경영진을 관리 감독한다. - 내부회계관리규정 제·개정의 결의 및 중요 정책의 승인 - 내부회계관리제도의 설계 및 운영에 대한 경영진의 중요한 조치 사항 검토 - 내부회계관리제도의 중요한 변화 사항에 대한 경영진의 조치 사항 검토 - 내부회계관리제도의 평가 결과 및 개선 조치에 대한 확인 등 2. '내부회계관리규정 및 업무지침' 및 '감사직무규정'을 제/개정하여 감사의 다음과 같은 역할 및 책임을 다음과 같이 정의하고 운영하고 있다. - 내부회계관리제도에 대한 관리 감독 - 부정방지 프로그램에 대한 관리 감독 - 외부감사인에 대한 관리 감독 - 기타 감사 관련 정책, 절차 및 보고에 대한 관리 감독 | AX12: N/A | BA12: O | BC12: 내부회계관리규정 및 업무지침, 감사직무규정 | BD12: A | BE12: 1 | BF12: 【문서검사】 1. '이사회규정'과 '내부회계관리규정 및 업무지침'에 다음의 내용이 규정되어 있는지 확인한다. - 내부회계관리내규 제·개정의 결의 및 중요 정책의 승인 - 내부회계관리제도의 설계 및 운영에 대한 경영진의 중요한 조치 사항 검토 - 내부회계관리제도의 중요한 변화 사항에 대한 경영진의 조치 사항 검토 - 내부회계관리제도의 평가 결과 및 개선 조치에 대한 확인 등 2. '이사회의사록'을 검토하여 '이사회규정' 및 '내부회계관리규정 및 업무지침'에 규정된 상기의 역할이 수행되었는지 확인한다. 3. '감사직무규정'과 '내부회계관리규정 및 업무지침'에 다음의 내용이 규정되어 있는지 확인한다. - 내부회계관리제도에 대한 관리 감독 - 부정방지 프로그램에 대한 관리 감독 - 외부감사인에 대한 관리 감독 - 기타 감사 관련 정책, 절차 및 보고에 대한 관리 감독 | BG12: 경영지원팀 전결권자 | BH12: RCM상 '관련 정책 및 문서'를 확인한 결과 통제활동은 해당 정책과 연계되어 있음을 확인함. | BI12: RCM상 기재된 관련 통제위험을 감소시킬수 있도록 통제가 효과적으로 설계 되었음 | BJ12: 예외사항은 해당 통제의 수행시 오류가 발생할 경우로 정의하며, 추가절차를 위해 별도로 설정한 threshold는 없으며, 예외사항 발생시 즉시 추가적인 절차를 취하도록 설계됨. | BK12: 통제를 수행하는데 사용된 정보에 대한 컨트롤이 적절히 수행되고 있음. | BL12: 해당 사업연도 초에 통제가 설계되었으며, 설계이후 해당 통제의 수행기간은 충분하다고 판단됨. | BM12: 업무경험과 교육이수 등을 고려할 때 통제 수행자의 적격성은 충분함 | BN12: 본 통제활동에서 다루는 내부회계관리제도와 관련한 이사회 및 감사의 역할 및 책임 정의 는 거래의 연간 발생 빈도 및 중요도를 고려하여 주기를 A로 설정하였으며 통제 수행빈도는 해당 위험의 적시 예방 적발을 위해 적절하다고 판단됨. | BO12: 해당 통제와 관련한 중요한 위험인 [내부회계관리제도와 관련한 이사회 및 감사의 명확하지 않은 역할과 책임의 정의로 관리 및 감독 기능이 효과적으로 작동되지 못할 위험 ]에 대해 완전히 고려되고 있음. | BQ12: O | BS12: O | BW12: 내부회계관리제도 관련 규정의 수립 및 준수 | BX12: [현황] 현재는 비상장법인으로 내부회계관리제도의 운영의무가 없기 때문에 규정 및 조직이 구비되어 있지 아니함. [잠재적위험] 내부회계관리규정 및 조직의 미비로 인해 주식회사등의외부감사에관한법률상의 의무를 준수하지 못할 가능성이 존재함. | BY12: 향후 상장 시, 주식회사등의외부감사에관한법률 제8조에 따라 신뢰할 수 있는 회계정보의 작성과 공시를 위하여 다음 각 호의 사항이 포함된 내부회계관리규정과 이를 관리ㆍ운영하는 조직을 갖추어야 함. 1. 회계정보의 식별ㆍ측정ㆍ분류ㆍ기록 및 보고 방법에 관한 사항 2. 회계정보의 오류를 통제하고 이를 수정하는 방법에 관한 사항 3. 회계정보에 대한 정기적인 점검 및 조정 등 내부검증에 관한 사항 4. 회계정보를 기록ㆍ보관하는 장부의 관리 방법과 위조ㆍ변조ㆍ훼손 및 파기를 방지하기 위한 통제 절차에 관한 사항 5. 회계정보의 작성 및 공시와 관련된 임직원의 업무 분장과 책임에 관한 사항 6. 그 밖에 신뢰할 수 있는 회계정보의 작성과 공시를 위하여 필요한 사항으로서 대통령령으로 정하는 사항
A13: 1 | B13: EL | C13: 전사 | D13: EL-010 | E13: 통제환경 | F13: EL-010-60 | G13: EL-010-60-10 | H13: 김세영 | I13: 감사의 독립성과 전문성 결여로 감독 기능이 효과적으로 운영되지 못할 위험. | J13: Low | K13: Low | L13: Low | M13: Low | N13: Low | O13: LR | P13: 감사의 선임 절차를 명확히 하고 전문성과 독립성을 주기적으로 평가하여 감독 기능이 효과적으로 운영된다. | Q13: 감사 선임 및 주기적 평가 | R13: 감사의 선임 기준을 명확히 하고 주기적으로 평가하여 감사의 기능이 효과적으로 운영된다. | S13: Yes | Y13: O | Z13: P | AA13: M | AB13: O | AC13: O | AD13: O | AE13: O | AF13: O | AG13: O | AH13: O | AI13: N/A | AJ13: A | AK13: N/A | AL13: N/A | AM13: N/A | AN13: L | AO13: L | AP13: L | AQ13: L | AR13: L | AS13: L | AT13: L | AU13: L | AV13: Not Higher | AW13: 1. 이사회는 감사의 전문성과 독립성이 적정한지 검토를 수행하며, 다음 항목을 고려하여 검토를 수행한다. - 후보자의 배경 및 평판 - 회사의 외부 재무보고에 영향을 미칠 수 있는 문제를 이해하는데 필요한 회계기준, 회계감사, 내부통제, 관련 법규 및 각종 지식을 포함한 전문성 - 경영진 및 회사와의 독립성을 유지하기 위해 후보가 소속한 조직에서 현재 후보의 역할과 직급 등의 적정성 2. 연1회 감사평가 체크리스트를 작성하여 감사의 적격성과 독립성을 평가한다. | AX13: N/A | BA13: O | BC13: 이사회의사록 (감사 후보 추천 안건) /감사평가체크리스트 | BD13: A | BE13: 1 | BF13: 【문서검사】 1. '이사회의사록'의 감사 후보 추천 안건을 확인하고 감사의 적격성과 독립성이 검토되는지 다음의 사항 등을 확인한다. - 이사회의 감사 후보 검증 절차의 수행 및 문서화(배경 및 평판, 전문성과 독립성, 자격요건 검토 등) 2. '감사 평가 체크리스트'를 입수하여 감사의 적격성과 독립성이 정기적으로 검토되고 있는지 확인한다. | BG13: 경영지원팀 전결권자 | BH13: RCM상 '관련 정책 및 문서'를 확인한 결과 통제활동은 해당 정책과 연계되어 있음을 확인함. | BI13: RCM상 기재된 관련 통제위험을 감소시킬수 있도록 통제가 효과적으로 설계 되었음 | BJ13: 예외사항은 해당 통제의 수행시 오류가 발생할 경우로 정의하며, 추가절차를 위해 별도로 설정한 threshold는 없으며, 예외사항 발생시 즉시 추가적인 절차를 취하도록 설계됨. | BK13: 통제를 수행하는데 사용된 정보에 대한 컨트롤이 적절히 수행되고 있음. | BL13: 해당 사업연도 초에 통제가 설계되었으며, 설계이후 해당 통제의 수행기간은 충분하다고 판단됨. | BM13: 업무경험과 교육이수 등을 고려할 때 통제 수행자의 적격성은 충분함 | BN13: 본 통제활동에서 다루는 감사 선임 및 주기적 평가는 거래의 연간 발생 빈도 및 중요도를 고려하여 주기를 A로 설정하였으며 통제 수행빈도는 해당 위험의 적시 예방 적발을 위해 적절하다고 판단됨. | BO13: 해당 통제와 관련한 중요한 위험인 [감사의 독립성과 전문성 결여로 감독 기능이 효과적으로 운영되지 못할 위험. ]에 대해 완전히 고려되고 있음. | BQ13: O | BS13: O | BW13: 내부회계관리제도 관련 규정의 수립 및 준수 | BX13: [현황] 현재는 비상장법인으로 내부회계관리제도의 운영의무가 없기 때문에 규정 및 조직이 구비되어 있지 아니함. [잠재적위험] 내부회계관리규정 및 조직의 미비로 인해 주식회사등의외부감사에관한법률상의 의무를 준수하지 못할 가능성이 존재함. | BY13: 향후 상장 시, 주식회사등의외부감사에관한법률 제8조에 따라 신뢰할 수 있는 회계정보의 작성과 공시를 위하여 다음 각 호의 사항이 포함된 내부회계관리규정과 이를 관리ㆍ운영하는 조직을 갖추어야 함. 1. 회계정보의 식별ㆍ측정ㆍ분류ㆍ기록 및 보고 방법에 관한 사항 2. 회계정보의 오류를 통제하고 이를 수정하는 방법에 관한 사항 3. 회계정보에 대한 정기적인 점검 및 조정 등 내부검증에 관한 사항 4. 회계정보를 기록ㆍ보관하는 장부의 관리 방법과 위조ㆍ변조ㆍ훼손 및 파기를 방지하기 위한 통제 절차에 관한 사항 5. 회계정보의 작성 및 공시와 관련된 임직원의 업무 분장과 책임에 관한 사항 6. 그 밖에 신뢰할 수 있는 회계정보의 작성과 공시를 위하여 필요한 사항으로서 대통령령으로 정하는 사항
A14: 1 | B14: EL | C14: 전사 | D14: EL-010 | E14: 통제환경 | F14: EL-010-70 | G14: EL-010-70-10 | H14: 김세영 | I14: 이사회 및 감사의 재무보고 및 내부회계관리제도 감독 부실로 인해 내부회계관리제도 감독 기능이 효과적으로 작동되지 못할 위험. | J14: Low | K14: Low | L14: Low | M14: Low | N14: Low | O14: LR | P14: 이사회 및 감사에 의해 재무보고 및 내부회계관리제도가 감독되어 내부회계관리제도가 효과적으로 운영된다. | Q14: 이사회 및 감사의 내부회계관리제도 감독 수행 | R14: 이사회 및 감사에 의해 재무보고 및 내부회계관리제도 활동이 감독된다. | S14: Yes | Y14: O | Z14: P | AA14: M | AB14: O | AC14: O | AD14: O | AE14: O | AF14: O | AG14: O | AH14: O | AI14: N/A | AJ14: A | AK14: N/A | AL14: N/A | AM14: N/A | AN14: L | AO14: L | AP14: L | AQ14: L | AR14: L | AS14: L | AT14: L | AU14: L | AV14: Not Higher | AW14: 1. 내부회계관리제도와 관련한 이사회의 감독 수행은 다음과 같다. - 대표이사는 매 사업연도마다 이사회에 내부회계관리제도의 운영실태를 보고 - 감사는 내부회계관리제 운영실태를 평가하여 이사회에 보고 2. 감사는 경영진의 중요한 판단에 대한 검토 및 외부감사인과 의사소통하는 절차를 수행한다. - 회계 고유의 정책의 선택과 적용 방안 - 회사가 당면한 주요 재무제표 왜곡 표시 위험 - 감사 범위 및 테스트 계획 - 중요성 금액 산정의 근거 - 중요한 회계 정책 - 감사에 필요한 지원 및 인원 (감사투입시간 등 포함) - 감사에 대응하는 조직과 문화 - 내부회계관리제도에 대한 경영진의 평가 - 중요한 감사 발견사항 - 재무보고의 품질 및 신뢰성 - 내부고발자 및 부정 관련 프로그램 관련 제반 사항 | AX14: N/A | BA14: O | BC14: 이사회의사록 /감사록 | BD14: A | BE14: 1 | BF14: 【문서검사】 1. '이사회의사록'을 검토하여 다음사항이 보고되었는지 확인한다. - 내부회계관리제도의 운영실태를 보고 - 내부회계관리제 운영실태를 평가결과 보고 2. '감사록'을 입수하여 감사가 경영진 및 외부 감사인과 다음의 사항 등에 대해 의사소통이 수행되었는지 확인한다. - 회계 고유의 정책의 선택과 적용 방안 - 회사가 당면한 주요 재무제표 왜곡 표시 위험 - 감사 범위 및 테스트 계획 - 중요성 금액 산정의 근거 - 중요한 회계 정책 - 감사에 필요한 지원 및 인원 (감사투입시간 등 포함) - 감사에 대응하는 조직과 문화 - 내부회계관리제도에 대한 경영진의 평가 - 중요한 감사 발견사항 - 재무보고의 품질 및 신뢰성 - 내부고발자 및 부정 관련 프로그램 관련 제반 사항 | BG14: 경영지원팀 전결권자 | BH14: RCM상 '관련 정책 및 문서'를 확인한 결과 통제활동은 해당 정책과 연계되어 있음을 확인함. | BI14: RCM상 기재된 관련 통제위험을 감소시킬수 있도록 통제가 효과적으로 설계 되었음 | BJ14: 예외사항은 해당 통제의 수행시 오류가 발생할 경우로 정의하며, 추가절차를 위해 별도로 설정한 threshold는 없으며, 예외사항 발생시 즉시 추가적인 절차를 취하도록 설계됨. | BK14: 통제를 수행하는데 사용된 정보에 대한 컨트롤이 적절히 수행되고 있음. | BL14: 해당 사업연도 초에 통제가 설계되었으며, 설계이후 해당 통제의 수행기간은 충분하다고 판단됨. | BM14: 업무경험과 교육이수 등을 고려할 때 통제 수행자의 적격성은 충분함 | BN14: 본 통제활동에서 다루는 이사회 및 감사의 내부회계관리제도 감독 수행는 거래의 연간 발생 빈도 및 중요도를 고려하여 주기를 A로 설정하였으며 통제 수행빈도는 해당 위험의 적시 예방 적발을 위해 적절하다고 판단됨. | BO14: 해당 통제와 관련한 중요한 위험인 [이사회 및 감사의 재무보고 및 내부회계관리제도 감독 부실로 인해 내부회계관리제도 감독 기능이 효과적으로 작동되지 못할 위험. ]에 대해 완전히 고려되고 있음. | BQ14: O | BS14: O | BW14: 내부회계관리제도 관련 규정의 수립 및 준수 | BX14: [현황] 현재는 비상장법인으로 내부회계관리제도의 운영의무가 없기 때문에 규정 및 조직이 구비되어 있지 아니함. [잠재적위험] 내부회계관리규정 및 조직의 미비로 인해 주식회사등의외부감사에관한법률상의 의무를 준수하지 못할 가능성이 존재함. | BY14: 향후 상장 시, 주식회사등의외부감사에관한법률 제8조에 따라 신뢰할 수 있는 회계정보의 작성과 공시를 위하여 다음 각 호의 사항이 포함된 내부회계관리규정과 이를 관리ㆍ운영하는 조직을 갖추어야 함. 1. 회계정보의 식별ㆍ측정ㆍ분류ㆍ기록 및 보고 방법에 관한 사항 2. 회계정보의 오류를 통제하고 이를 수정하는 방법에 관한 사항 3. 회계정보에 대한 정기적인 점검 및 조정 등 내부검증에 관한 사항 4. 회계정보를 기록ㆍ보관하는 장부의 관리 방법과 위조ㆍ변조ㆍ훼손 및 파기를 방지하기 위한 통제 절차에 관한 사항 5. 회계정보의 작성 및 공시와 관련된 임직원의 업무 분장과 책임에 관한 사항 6. 그 밖에 신뢰할 수 있는 회계정보의 작성과 공시를 위하여 필요한 사항으로서 대통령령으로 정하는 사항
A15: 1 | B15: EL | C15: 전사 | D15: EL-010 | E15: 통제환경 | F15: EL-010-80 | G15: EL-010-80-10 | H15: 김세영 | I15: 내부회계관리 전담조직의 역할·책임이 명확하게 정의되지 않아 내부회계관리제도 설계·운영의 효과성이 저하되고 내부회계관리제도 관련 의사결정이 적정하게 이루어지지 않을 위험. | J15: Low | K15: Low | L15: Low | M15: Low | N15: Low | O15: LR | P15: 내부회계관리 전담조직의 역할·책임이 명확하게 정의되어 내부회계관리제도 설계·운영이 효과적이고 내부회계관리제도 관련 의사결정이 적정하게 이루어 지고 있다. | Q15: 내부회계관리 조직구조 및 보고체계 정립 | R15: 내부회계관리 전담조직의 역할·책임이 명확하게 정의되어 내부회계관리제도가 효과적으로 운영되고 있다. | S15: Yes | Y15: O | Z15: P | AA15: M | AB15: O | AC15: O | AD15: O | AE15: O | AF15: O | AG15: O | AH15: O | AI15: N/A | AJ15: A | AK15: N/A | AL15: N/A | AM15: N/A | AN15: L | AO15: L | AP15: L | AQ15: L | AR15: L | AS15: L | AT15: L | AU15: L | AV15: Not Higher | AW15: 1. '내부회계관리규정 및 업무지침'에 내부회계관리제도를 설계, 운영 및 평가를 위한 조직의 역할과 책임을 다음과 같이 규정하고 있다. 1) 이사회 -. 내부회계관리제도의 설계 및 운영 감독책임 2) 대표이사 - 내부회계관리제도 관리 , 운영의 궁극적인 책임 - 내부회계관리제도 운영을 담당하는 내부회계관리자 지정 3) 내부회계관리자 - 내부회계관리제도 설계 및 운영을 총괄 - 내부회계관리제도 설계 및 운영 효과성 점검 - 이사회 및 감사에 내부회계관리제도 운영실태 보고 4) 감사 - 내부회계관리제도 운영실태에 대한 평가 및 보고 5) 통제담당자 - 내부회계관리제도 통제활동 적용 책임 - 내부회계관리제도 통제활동 변화 사항 파악 및 보고 | AX15: N/A | BA15: O | BC15: 내부회계관리규정 및 업무지침 | BD15: A | BE15: 1 | BF15: 【문서검사】 1. 내부회계관리규정 및 업무지침'을 징구하여 다음을 포함한 내부회계 관리조직의 역할과 책임이 정의되었는지 확인한다. 1) 이사회 -. 내부회계관리제도의 설계 및 운영 감독책임 2) 대표이사 - 내부회계관리제도 관리 , 운영의 궁극적인 책임 - 내부회계관리제도 운영을 담당하는 내부회계관리자 지정 3) 내부회계관리자 - 내부회계관리제도 설계 및 운영을 총괄 - 내부회계관리제도 설계 및 운영 효과성 점검 - 이사회 및 감사에 내부회계관리제도 운영실태 보고 4) 감사 - 내부회계관리제도 운영실태에 대한 평가 및 보고 5) 통제담당자 - 내부회계관리제도 통제활동 적용 책임 - 내부회계관리제도 통제활동 변화 사항 파악 및 보고 | BG15: 경영지원팀 전결권자 | BH15: RCM상 '관련 정책 및 문서'를 확인한 결과 통제활동은 해당 정책과 연계되어 있음을 확인함. | BI15: RCM상 기재된 관련 통제위험을 감소시킬수 있도록 통제가 효과적으로 설계 되었음 | BJ15: 예외사항은 해당 통제의 수행시 오류가 발생할 경우로 정의하며, 추가절차를 위해 별도로 설정한 threshold는 없으며, 예외사항 발생시 즉시 추가적인 절차를 취하도록 설계됨. | BK15: 통제를 수행하는데 사용된 정보에 대한 컨트롤이 적절히 수행되고 있음. | BL15: 해당 사업연도 초에 통제가 설계되었으며, 설계이후 해당 통제의 수행기간은 충분하다고 판단됨. | BM15: 업무경험과 교육이수 등을 고려할 때 통제 수행자의 적격성은 충분함 | BN15: 본 통제활동에서 다루는 내부회계관리 조직구조 및 보고체계 정립는 거래의 연간 발생 빈도 및 중요도를 고려하여 주기를 A로 설정하였으며 통제 수행빈도는 해당 위험의 적시 예방 적발을 위해 적절하다고 판단됨. | BO15: 해당 통제와 관련한 중요한 위험인 [내부회계관리 전담조직의 역할·책임이 명확하게 정의되지 않아 내부회계관리제도 설계·운영의 효과성이 저하되고 내부회계관리제도 관련 의사결정이 적정하게 이루어지지 않을 위험. ]에 대해 완전히 고려되고 있음. | BQ15: O | BS15: O | BW15: 내부회계관리제도 관련 규정의 수립 및 준수 | BX15: [현황] 현재는 비상장법인으로 내부회계관리제도의 운영의무가 없기 때문에 규정 및 조직이 구비되어 있지 아니함. [잠재적위험] 내부회계관리규정 및 조직의 미비로 인해 주식회사등의외부감사에관한법률상의 의무를 준수하지 못할 가능성이 존재함. | BY15: 향후 상장 시, 주식회사등의외부감사에관한법률 제8조에 따라 신뢰할 수 있는 회계정보의 작성과 공시를 위하여 다음 각 호의 사항이 포함된 내부회계관리규정과 이를 관리ㆍ운영하는 조직을 갖추어야 함. 1. 회계정보의 식별ㆍ측정ㆍ분류ㆍ기록 및 보고 방법에 관한 사항 2. 회계정보의 오류를 통제하고 이를 수정하는 방법에 관한 사항 3. 회계정보에 대한 정기적인 점검 및 조정 등 내부검증에 관한 사항 4. 회계정보를 기록ㆍ보관하는 장부의 관리 방법과 위조ㆍ변조ㆍ훼손 및 파기를 방지하기 위한 통제 절차에 관한 사항 5. 회계정보의 작성 및 공시와 관련된 임직원의 업무 분장과 책임에 관한 사항 6. 그 밖에 신뢰할 수 있는 회계정보의 작성과 공시를 위하여 필요한 사항으로서 대통령령으로 정하는 사항
A16: 1 | B16: EL | C16: 전사 | D16: EL-010 | E16: 통제환경 | F16: EL-010-90 | G16: EL-010-90-10 | H16: 노정희 유헌종 | I16: 내부회계관리제도 운영을 위한 권한 및 책임이 명확하게 정의되지 않아 내부회계관리제도 설계∙운영의 효과성이 저하될 위험. | J16: Low | K16: Low | L16: Low | M16: Low | N16: Low | O16: LR | P16: 내부회계관리제도 운영을 위한 권한 및 책임을 명확하게 정의하여 내부회계관리제도를 효과적으로 설계 및 운영한다. | Q16: 내부회계관리 권한 및 책임 정립 | R16: 위임전결 규정 등을 통해 내부회계관리제도 운영을 위한 권한 및 책임을 명확하게 정의한다. | S16: Yes | Y16: O | Z16: P | AA16: M | AB16: O | AC16: O | AD16: O | AE16: O | AF16: O | AG16: O | AH16: O | AI16: N/A | AJ16: A | AK16: N/A | AL16: N/A | AM16: N/A | AN16: L | AO16: L | AP16: L | AQ16: L | AR16: L | AS16: L | AT16: L | AU16: L | AV16: Not Higher | AW16: 1. 업무분장의 중요성 전달 및 임직원의 권한과 책임을 명확하게 규정하고, 부서 내의 업무보고체계를 확립하고자 다음의 규정을 제정하여 운영하고 있으며, 그룹웨어에 저장되어 모든 임직원에게 공유되고 있다. - 위임전결규정 - 부서별 업무분장 2. 재무보고를 포함한 업무 프로세스의 권한 및 책임을 명확히 하기 위해 제정된 상기 규정에 따라 거래의 승인과 처리, 보고가 이루어지고 있으며, 변경사항 발생 시 업데이트되고 있다. 규정의 업데이트는 대표이사의 승인을 받고 있다. 3. 내부회계관리규정 및 업무지침에서 정의한 RCM을 작성하고 있으며, 해당 문서에 업무담당자별로 관련 업무내역을 기술하고 있다. 4. 내부회계관리규정 및 업무지침를 통해 내부회계관리제도와 관련된 책임을 다음과 같이 정의함. - 내부회게관리제도 운영: 현업부서, 내부회계전담부서 - 내부회계관리제도 운영실태 점검: 내부회계전담부서 - 내부회계관리제도 운영실태 평가: 감사 | AX16: 규정명 확인 필요/재무보고 관련 규정 제정 필요 | BA16: O | BC16: 조직도, 위임전결규정, 부서별 업무분장, 내부회계관리규정 및 업무지침 | BD16: A | BE16: 1 | BF16: 【문서검사】 1. 위임전결규정 및 부서별 업무분장이 구비되어 있고, 해당 규정에 업무분장 및 권한과 책임이 분리되어 있는지 확인한다. 2. 상기 1의 규정이 개정된 경우, 대표이사의 승인을 받았는지 관련 품의서를 확인한다. 3. 내부회계관리규정 및 업무지침에 외부 재무보고 및 내부회계관리제도와 관련된 권한 및 책임을 명시하고 있는지 확인한다. - 내부회계관리조직의 임직원에게 위임된 권한과 책임 - 내부회계관리조직의 주요 역할, 자격요건 | BG16: 경영지원팀 전결권자 | BH16: RCM상 '관련 정책 및 문서'를 확인한 결과 통제활동은 해당 정책과 연계되어 있음을 확인함. | BI16: RCM상 기재된 관련 통제위험을 감소시킬수 있도록 통제가 효과적으로 설계 되었음 | BJ16: 예외사항은 해당 통제의 수행시 오류가 발생할 경우로 정의하며, 추가절차를 위해 별도로 설정한 threshold는 없으며, 예외사항 발생시 즉시 추가적인 절차를 취하도록 설계됨. | BK16: 통제를 수행하는데 사용된 정보에 대한 컨트롤이 적절히 수행되고 있음. | BL16: 해당 사업연도 초에 통제가 설계되었으며, 설계이후 해당 통제의 수행기간은 충분하다고 판단됨. | BM16: 업무경험과 교육이수 등을 고려할 때 통제 수행자의 적격성은 충분함 | BN16: 본 통제활동에서 다루는 내부회계관리 권한 및 책임 정립는 거래의 연간 발생 빈도 및 중요도를 고려하여 주기를 A로 설정하였으며 통제 수행빈도는 해당 위험의 적시 예방 적발을 위해 적절하다고 판단됨. | BO16: 해당 통제와 관련한 중요한 위험인 [내부회계관리제도 운영을 위한 권한 및 책임이 명확하게 정의되지 않아 내부회계관리제도 설계∙운영의 효과성이 저하될 위험. ]에 대해 완전히 고려되고 있음. | BQ16: O | BS16: O | BW16: 내부회계관리제도 관련 규정의 수립 및 준수 | BX16: [현황] 현재는 비상장법인으로 내부회계관리제도의 운영의무가 없기 때문에 규정 및 조직이 구비되어 있지 아니함. [잠재적위험] 내부회계관리규정 및 조직의 미비로 인해 주식회사등의외부감사에관한법률상의 의무를 준수하지 못할 가능성이 존재함. | BY16: 향후 상장 시, 주식회사등의외부감사에관한법률 제8조에 따라 신뢰할 수 있는 회계정보의 작성과 공시를 위하여 다음 각 호의 사항이 포함된 내부회계관리규정과 이를 관리ㆍ운영하는 조직을 갖추어야 함. 1. 회계정보의 식별ㆍ측정ㆍ분류ㆍ기록 및 보고 방법에 관한 사항 2. 회계정보의 오류를 통제하고 이를 수정하는 방법에 관한 사항 3. 회계정보에 대한 정기적인 점검 및 조정 등 내부검증에 관한 사항 4. 회계정보를 기록ㆍ보관하는 장부의 관리 방법과 위조ㆍ변조ㆍ훼손 및 파기를 방지하기 위한 통제 절차에 관한 사항 5. 회계정보의 작성 및 공시와 관련된 임직원의 업무 분장과 책임에 관한 사항 6. 그 밖에 신뢰할 수 있는 회계정보의 작성과 공시를 위하여 필요한 사항으로서 대통령령으로 정하는 사항
A17: 1 | B17: EL | C17: 전사 | D17: EL-010 | E17: 통제환경 | F17: EL-010-100 | G17: EL-010-100-10 | H17: 김세영 | I17: 내부회계관리제도 설계·운영 활동이 적격하지 않은 인원에 의해 수행되어 내부회계관리제도의 목적을 달성하지 못할 위험. | J17: Low | K17: Low | L17: Low | M17: Low | N17: Low | O17: LR | P17: 내부회계관리제도 설계·운영 활동은 적격한 인원에 의해 수행되고 있다 | Q17: 내부회계관리제도 적격성 기준 정의 | R17: 내부회계관리제도를 운영하는 주요 임직원의 적격성 기준을 정의한다. | S17: Yes | Y17: O | Z17: P | AA17: M | AB17: O | AC17: O | AD17: O | AE17: O | AF17: O | AG17: O | AH17: O | AI17: N/A | AJ17: A | AK17: N/A | AL17: N/A | AM17: N/A | AN17: L | AO17: L | AP17: L | AQ17: L | AR17: L | AS17: L | AT17: L | AU17: L | AV17: Not Higher | AW17: 1. '내부회계관리규정 및 업무지침'를 제개정하여 내부회계관리제도 관련 주요 역할 수행 부서의 직무 수행을 위한 필요 지식, 기술, 전문성 등 적격성을 구체적으로 명시하고 있다. | AX17: N/A | BA17: O | BC17: 내부회계관리규정 및 업무지침 | BD17: A | BE17: 1 | BF17: 【문서검사】 1. '내부회계관리규정 및 업무지침'을 입수하여 내부회계관리제도와 관련된 주요 역할별 적격성 기준을 구체적으로 명시하였는지 확인한다. • 내부회계관리자 • 내부회계전담부서 • 회계정보 작성 | BG17: 경영지원팀 전결권자 | BH17: RCM상 '관련 정책 및 문서'를 확인한 결과 통제활동은 해당 정책과 연계되어 있음을 확인함. | BI17: RCM상 기재된 관련 통제위험을 감소시킬수 있도록 통제가 효과적으로 설계 되었음 | BJ17: 예외사항은 해당 통제의 수행시 오류가 발생할 경우로 정의하며, 추가절차를 위해 별도로 설정한 threshold는 없으며, 예외사항 발생시 즉시 추가적인 절차를 취하도록 설계됨. | BK17: 통제를 수행하는데 사용된 정보에 대한 컨트롤이 적절히 수행되고 있음. | BL17: 해당 사업연도 초에 통제가 설계되었으며, 설계이후 해당 통제의 수행기간은 충분하다고 판단됨. | BM17: 업무경험과 교육이수 등을 고려할 때 통제 수행자의 적격성은 충분함 | BN17: 본 통제활동에서 다루는 내부회계관리제도 적격성 기준 정의는 거래의 연간 발생 빈도 및 중요도를 고려하여 주기를 A로 설정하였으며 통제 수행빈도는 해당 위험의 적시 예방 적발을 위해 적절하다고 판단됨. | BO17: 해당 통제와 관련한 중요한 위험인 [내부회계관리제도 설계·운영 활동이 적격하지 않은 인원에 의해 수행되어 내부회계관리제도의 목적을 달성하지 못할 위험. ]에 대해 완전히 고려되고 있음. | BQ17: O | BS17: O | BW17: 내부회계관리제도 관련 규정의 수립 및 준수 | BX17: [현황] 현재는 비상장법인으로 내부회계관리제도의 운영의무가 없기 때문에 규정 및 조직이 구비되어 있지 아니함. [잠재적위험] 내부회계관리규정 및 조직의 미비로 인해 주식회사등의외부감사에관한법률상의 의무를 준수하지 못할 가능성이 존재함. | BY17: 향후 상장 시, 주식회사등의외부감사에관한법률 제8조에 따라 신뢰할 수 있는 회계정보의 작성과 공시를 위하여 다음 각 호의 사항이 포함된 내부회계관리규정과 이를 관리ㆍ운영하는 조직을 갖추어야 함. 1. 회계정보의 식별ㆍ측정ㆍ분류ㆍ기록 및 보고 방법에 관한 사항 2. 회계정보의 오류를 통제하고 이를 수정하는 방법에 관한 사항 3. 회계정보에 대한 정기적인 점검 및 조정 등 내부검증에 관한 사항 4. 회계정보를 기록ㆍ보관하는 장부의 관리 방법과 위조ㆍ변조ㆍ훼손 및 파기를 방지하기 위한 통제 절차에 관한 사항 5. 회계정보의 작성 및 공시와 관련된 임직원의 업무 분장과 책임에 관한 사항 6. 그 밖에 신뢰할 수 있는 회계정보의 작성과 공시를 위하여 필요한 사항으로서 대통령령으로 정하는 사항
A18: 1 | B18: EL | C18: 전사 | D18: EL-010 | E18: 통제환경 | F18: EL-010-110 | G18: EL-010-110-10 | H18: 노정희 유헌종 | I18: 내부회계관리조직이 충분한 능력을 보유하지 못해 내부회계관리제도의 목적을 달성하지 못할 위험 | J18: Low | K18: Low | L18: Low | M18: Low | N18: Low | O18: LR | P18: 내부회계관리제도 설계·운영 활동은 적격한 인원에 의해 수행되고, 이에 대한 평가가 이루어져야 합니다. | Q18: 내부회계관리제도 적격성 평가 | R18: 적격성 기준에 부합한 임직원에 의해 내부회계관리제도가 설계 및 운영되는지 평가된다. | S18: Yes | Y18: O | Z18: P | AA18: M | AB18: O | AC18: O | AD18: O | AE18: O | AF18: O | AG18: O | AH18: O | AI18: N/A | AJ18: A | AK18: N/A | AL18: N/A | AM18: N/A | AN18: L | AO18: L | AP18: L | AQ18: L | AR18: L | AS18: L | AT18: L | AU18: L | AV18: Not Higher | AW18: 1. '내부회계관리업무지침'에 따라 내부회계관리규정을 관리·운영하는 임직원 및 회계정보를 작성하는 임직원(대표자 등)의 적격성을 정의하고 있으며, 통제수행자 및 통제평가자에 대해서는 별도의 적격성 Template을 활용하여 평가하고 있다. 2. 재무보고 및 내부회계관리제도 관련 외부서비스제공자 선정 시 다음과 같은 항목들의 적격성 기준에 따른 평가 절차를 수립·운영한다. - 외부서비스제공자의 경험, 전문성, 기술적 역량, 평판 - 공급업체 관련 회사의 정책 및 윤리적 기준 | AX18: N/A | BA18: O | BC18: 적격성 Template /OSP List | BD18: A | BE18: 1 | BF18: 【문서검사】 1. 통제기술서에서 통제수행자의 적격성을 평가하고 있는지 확인한다. 2. 평가기간의 적격성 Template이 작성되었는지 확인한다. 3. 평가기간 중 신규 계약된 '외부서비스제공자' 중 샘플링 후, 외부서비스제공자 선정 시 다음 항목에 대한 적격성 평가가 이루어지는지 확인한다. - 외부서비스제공자의 경험, 전문성, 기술적 역량, 평판 - 공급업체 관련 회사의 정책 및 윤리적 기준 | BG18: 경영지원팀 전결권자 | BH18: RCM상 '관련 정책 및 문서'를 확인한 결과 통제활동은 해당 정책과 연계되어 있음을 확인함. | BI18: RCM상 기재된 관련 통제위험을 감소시킬수 있도록 통제가 효과적으로 설계 되었음 | BJ18: 예외사항은 해당 통제의 수행시 오류가 발생할 경우로 정의하며, 추가절차를 위해 별도로 설정한 threshold는 없으며, 예외사항 발생시 즉시 추가적인 절차를 취하도록 설계됨. | BK18: 통제를 수행하는데 사용된 정보에 대한 컨트롤이 적절히 수행되고 있음. | BL18: 해당 사업연도 초에 통제가 설계되었으며, 설계이후 해당 통제의 수행기간은 충분하다고 판단됨. | BM18: 업무경험과 교육이수 등을 고려할 때 통제 수행자의 적격성은 충분함 | BN18: 본 통제활동에서 다루는 내부회계관리제도 적격성 평가는 거래의 연간 발생 빈도 및 중요도를 고려하여 주기를 A로 설정하였으며 통제 수행빈도는 해당 위험의 적시 예방 적발을 위해 적절하다고 판단됨. | BO18: 해당 통제와 관련한 중요한 위험인 [내부회계관리조직이 충분한 능력을 보유하지 못해 내부회계관리제도의 목적을 달성하지 못할 위험 ]에 대해 완전히 고려되고 있음. | BQ18: O | BS18: O | BW18: 내부회계관리제도 관련 규정의 수립 및 준수 | BX18: [현황] 현재는 비상장법인으로 내부회계관리제도의 운영의무가 없기 때문에 규정 및 조직이 구비되어 있지 아니함. [잠재적위험] 내부회계관리규정 및 조직의 미비로 인해 주식회사등의외부감사에관한법률상의 의무를 준수하지 못할 가능성이 존재함. | BY18: 향후 상장 시, 주식회사등의외부감사에관한법률 제8조에 따라 신뢰할 수 있는 회계정보의 작성과 공시를 위하여 다음 각 호의 사항이 포함된 내부회계관리규정과 이를 관리ㆍ운영하는 조직을 갖추어야 함. 1. 회계정보의 식별ㆍ측정ㆍ분류ㆍ기록 및 보고 방법에 관한 사항 2. 회계정보의 오류를 통제하고 이를 수정하는 방법에 관한 사항 3. 회계정보에 대한 정기적인 점검 및 조정 등 내부검증에 관한 사항 4. 회계정보를 기록ㆍ보관하는 장부의 관리 방법과 위조ㆍ변조ㆍ훼손 및 파기를 방지하기 위한 통제 절차에 관한 사항 5. 회계정보의 작성 및 공시와 관련된 임직원의 업무 분장과 책임에 관한 사항 6. 그 밖에 신뢰할 수 있는 회계정보의 작성과 공시를 위하여 필요한 사항으로서 대통령령으로 정하는 사항
A19: 1 | B19: EL | C19: 전사 | D19: EL-010 | E19: 통제환경 | F19: EL-010-120 | G19: EL-010-120-10 | H19: 김세영 | I19: 내부회계관리제도 목적에 부합하지 않는 인력으로 인해 내부통제제도가 효과적으로 작동하지 못할 위험 | J19: Low | K19: Low | L19: Low | M19: Low | N19: Low | O19: LR | P19: 내부회계관리제도 설계∙운영에 필요한 수준의 인력이 확보되어 회사 내부통제의 효과성이 지속적으로 유지된다. | Q19: 내부회계관리제도에 대한 적격성 유지 프로그램 운영 | R19: 내부회계관리제도와 관련한 주요 조직 및 인력의 적격성 유지를 위해 정기 혹은 비정기적으로 교육프로그램이 계획되고 운영된다. | S19: Yes | Y19: O | Z19: P | AA19: M | AB19: O | AC19: O | AD19: O | AE19: O | AF19: O | AG19: O | AH19: O | AI19: N/A | AJ19: A | AK19: N/A | AL19: N/A | AM19: N/A | AN19: L | AO19: L | AP19: L | AQ19: L | AR19: L | AS19: L | AT19: L | AU19: L | AV19: Not Higher | AW19: 1. '내부회계관리규정 및 업무지침'에 따라 내부회계관리제도 관련 교육과 관련한 절차 및 지침을 문서화하고 '내부회계관리제도 관련 업무 수행 임직원'을 대상으로 다음과 같이 계획하고 교육 프로그램을 운영하고 있다. 1) 교육주제 - 내부회계관리제도의 이해 - 회계 및 내부회계관리제도 관련 법령, 기준 및 회사 규정의 제·개정 - 회계·재무 역량강화 교육 2) 교육대상 3) 교육일정 4) 진행방법(집합, 온라인 등) 5) 교육이수 모니터링 | AX19: N/A | BA19: O | BC19: 연간교육계획서 /내부회계관리 교육대상자 리스트 | BD19: A | BE19: 1 | BF19: 【문서검사】 1. 내부회계관리제도 역할별 담당자 리스트에서 샘플링하여 내부회계 교육 계획('연간교육계획')에 따라 교육활동이 수행되었는지 교육이수 현황을 확인한다. | BG19: 경영지원팀 전결권자 | BH19: RCM상 '관련 정책 및 문서'를 확인한 결과 통제활동은 해당 정책과 연계되어 있음을 확인함. | BI19: RCM상 기재된 관련 통제위험을 감소시킬수 있도록 통제가 효과적으로 설계 되었음 | BJ19: 예외사항은 해당 통제의 수행시 오류가 발생할 경우로 정의하며, 추가절차를 위해 별도로 설정한 threshold는 없으며, 예외사항 발생시 즉시 추가적인 절차를 취하도록 설계됨. | BK19: 통제를 수행하는데 사용된 정보에 대한 컨트롤이 적절히 수행되고 있음. | BL19: 해당 사업연도 초에 통제가 설계되었으며, 설계이후 해당 통제의 수행기간은 충분하다고 판단됨. | BM19: 업무경험과 교육이수 등을 고려할 때 통제 수행자의 적격성은 충분함 | BN19: 본 통제활동에서 다루는 내부회계관리제도에 대한 적격성 유지 프로그램 운영 는 거래의 연간 발생 빈도 및 중요도를 고려하여 주기를 A로 설정하였으며 통제 수행빈도는 해당 위험의 적시 예방 적발을 위해 적절하다고 판단됨. | BO19: 해당 통제와 관련한 중요한 위험인 [내부회계관리제도 목적에 부합하지 않는 인력으로 인해 내부통제제도가 효과적으로 작동하지 못할 위험 ]에 대해 완전히 고려되고 있음. | BQ19: O | BS19: O | BW19: 내부회계관리제도 관련 규정의 수립 및 준수 | BX19: [현황] 현재는 비상장법인으로 내부회계관리제도의 운영의무가 없기 때문에 규정 및 조직이 구비되어 있지 아니함. [잠재적위험] 내부회계관리규정 및 조직의 미비로 인해 주식회사등의외부감사에관한법률상의 의무를 준수하지 못할 가능성이 존재함. | BY19: 향후 상장 시, 주식회사등의외부감사에관한법률 제8조에 따라 신뢰할 수 있는 회계정보의 작성과 공시를 위하여 다음 각 호의 사항이 포함된 내부회계관리규정과 이를 관리ㆍ운영하는 조직을 갖추어야 함. 1. 회계정보의 식별ㆍ측정ㆍ분류ㆍ기록 및 보고 방법에 관한 사항 2. 회계정보의 오류를 통제하고 이를 수정하는 방법에 관한 사항 3. 회계정보에 대한 정기적인 점검 및 조정 등 내부검증에 관한 사항 4. 회계정보를 기록ㆍ보관하는 장부의 관리 방법과 위조ㆍ변조ㆍ훼손 및 파기를 방지하기 위한 통제 절차에 관한 사항 5. 회계정보의 작성 및 공시와 관련된 임직원의 업무 분장과 책임에 관한 사항 6. 그 밖에 신뢰할 수 있는 회계정보의 작성과 공시를 위하여 필요한 사항으로서 대통령령으로 정하는 사항
A20: 1 | B20: EL | C20: 전사 | D20: EL-010 | E20: 통제환경 | F20: EL-010-130 | G20: EL-010-130-10 | H20: 김세영 | I20: 내부회계관리제도 책임 이행에 적합한 성과 평가 및 보상 정책의 부재로 내부회계관리제도의 목적을 달성하지 못할 위험 | J20: Low | K20: Low | L20: Low | M20: Low | N20: Low | O20: LR | P20: 경영진과 이사회는 내부회계관리제도 목적 달성을 위해 내부회계관리제도 책임 이행과 그에 따른 성과 평가 및 보상을 연계한다. | Q20: 내부회계관리제도 책임 이행 결과를 성과평가와 연계 | R20: 내부회계관리제도 책임 이행과 연계하여 임직원의 성과평가에 반영하고 성과평가의 측정지표는 주기적으로 검토된다. | S20: Yes | Y20: O | Z20: P | AA20: M | AB20: O | AC20: O | AD20: O | AE20: O | AF20: O | AG20: O | AH20: O | AI20: N/A | AJ20: A | AK20: N/A | AL20: N/A | AM20: N/A | AN20: L | AO20: L | AP20: L | AQ20: L | AR20: L | AS20: L | AT20: L | AU20: L | AV20: Not Higher | AW20: 1. 내부회계관리제도 목표 달성을 위하여 성과 평가, 인센티브 및 보상 정책을 수립, 운영한다. - 내부회계관리제도의 중장기 목표를 달성하는데 필요한 조직의 임직원을 대상으로 함. - 내부회계관리제도 평가 결과를 성과평가 지표에 반영하여 인사 또는 보수와 연계함. 2. 이사회 및 경영진은 매년 설정된 내부회계관리제도 성과측정 지표에 대하여 다음 사항을 고려하여 주기적으로 적정성을 검토한다. - 평가지표가 의도한대로 작동하는지 여부(성과평가지표가 통제를 우회할 만한 과도한 압박을 초래하는지 여부 등) - 성과측정지표의 적정 여부 3. 이사회는 내부회계관리제도 성과평가가 적절하게 완료되었음을 관리감독하고 관련 보상계획을 승인한다. | AX20: N/A | BA20: O | BC20: 내부회계관리제도 성과평가 보고자료 /이사회의사록 | BD20: A | BE20: 1 | BF20: 【문서검사】 1. '내부회계관리규정 및 업무지침'에 내부회계관리제도 평가 결과와 성과평가 및 보상체계 등과 연계되는 정책 및 절차가 수립되어 있는지 확인한다. 2. '대표자 등'에 설정된 성과(또는 역량평가) 지표를 징구하여 다음과 같은 지표가 포함되었는지 확인한다. • 윤리적 가치 - 윤리교육 이수 - 윤리설문조사 응답 - 제도 제언 - 비윤리행위 적발 • 내부회계관리제도 및 재무보고 가치 - 내부회계관리제도 및 재무보고 관련 교육 이수 - 통제활동 지적사항 여부 (내부회계관리제도 설계/운영평가 결과 또는 외부감사인 검토 결과) 3. '이사회의사록'에 설정된 성과측정 지표에 대하여 아래와 같은 사항을 고려하여 적정성에 대한 검토가 이루어지고 있는지 확인한다. - 평가지표가 의도한대로 작동하는지 여부 - 성과측정지표의 적정 여부(과도한 압박 요인 등) 4. 평가기간 실시된 '이사회의사록'을 입수하여 성과평가가 적절하게 완료되었음을 관리·감독하고, 관련 보상 계획을 승인하였는지 확인한다. | BG20: 경영지원팀 전결권자 | BH20: RCM상 '관련 정책 및 문서'를 확인한 결과 통제활동은 해당 정책과 연계되어 있음을 확인함. | BI20: RCM상 기재된 관련 통제위험을 감소시킬수 있도록 통제가 효과적으로 설계 되었음 | BJ20: 예외사항은 해당 통제의 수행시 오류가 발생할 경우로 정의하며, 추가절차를 위해 별도로 설정한 threshold는 없으며, 예외사항 발생시 즉시 추가적인 절차를 취하도록 설계됨. | BK20: 통제를 수행하는데 사용된 정보에 대한 컨트롤이 적절히 수행되고 있음. | BL20: 해당 사업연도 초에 통제가 설계되었으며, 설계이후 해당 통제의 수행기간은 충분하다고 판단됨. | BM20: 업무경험과 교육이수 등을 고려할 때 통제 수행자의 적격성은 충분함 | BN20: 본 통제활동에서 다루는 내부회계관리제도 책임 이행 결과를 성과평가와 연계 는 거래의 연간 발생 빈도 및 중요도를 고려하여 주기를 A로 설정하였으며 통제 수행빈도는 해당 위험의 적시 예방 적발을 위해 적절하다고 판단됨. | BO20: 해당 통제와 관련한 중요한 위험인 [내부회계관리제도 책임 이행에 적합한 성과 평가 및 보상 정책의 부재로 내부회계관리제도의 목적을 달성하지 못할 위험 ]에 대해 완전히 고려되고 있음. | BQ20: O | BS20: O | BW20: 내부회계관리제도 관련 규정의 수립 및 준수 | BX20: [현황] 현재는 비상장법인으로 내부회계관리제도의 운영의무가 없기 때문에 규정 및 조직이 구비되어 있지 아니함. [잠재적위험] 내부회계관리규정 및 조직의 미비로 인해 주식회사등의외부감사에관한법률상의 의무를 준수하지 못할 가능성이 존재함. | BY20: 향후 상장 시, 주식회사등의외부감사에관한법률 제8조에 따라 신뢰할 수 있는 회계정보의 작성과 공시를 위하여 다음 각 호의 사항이 포함된 내부회계관리규정과 이를 관리ㆍ운영하는 조직을 갖추어야 함. 1. 회계정보의 식별ㆍ측정ㆍ분류ㆍ기록 및 보고 방법에 관한 사항 2. 회계정보의 오류를 통제하고 이를 수정하는 방법에 관한 사항 3. 회계정보에 대한 정기적인 점검 및 조정 등 내부검증에 관한 사항 4. 회계정보를 기록ㆍ보관하는 장부의 관리 방법과 위조ㆍ변조ㆍ훼손 및 파기를 방지하기 위한 통제 절차에 관한 사항 5. 회계정보의 작성 및 공시와 관련된 임직원의 업무 분장과 책임에 관한 사항 6. 그 밖에 신뢰할 수 있는 회계정보의 작성과 공시를 위하여 필요한 사항으로서 대통령령으로 정하는 사항
... A44: 1 | B44: EL | C44: 전사 | D44: EL-050 | E44: 모니터링 | F44: EL-050-70 | G44: EL-050-70-10 | H44: 김세영 | I44: 이사회 및 감사는 내부통제에 대한 감독기능의 미비로 외부 재무보고에 영향을 미치는 내부통제 미비점이 시정되지 않을 위험 | J44: Low | K44: Low | L44: Low | M44: Low | N44: Low | O44: LR | P44: 이사회 및 감사는 외부 재무보고에 영향을 미치는 내부통제 미비점에 관한 내용과 상황을 이해하고, 경영진의 결론과 시정 계획을 감독한다. | Q44: 미비점 평가 및 시정계획 감독 및 보고 | R44: 이사회 및 감사는 내부회계 운영실태를 평가하고 개선계획을 검토하여 보고한다. | S44: Yes | Y44: O | Z44: P | AA44: M | AB44: O | AC44: O | AD44: O | AE44: O | AF44: O | AG44: O | AH44: O | AI44: N/A | AJ44: A | AK44: N/A | AL44: N/A | AM44: N/A | AN44: L | AO44: L | AP44: L | AQ44: L | AR44: L | AS44: L | AT44: L | AU44: L | AV44: Not Higher | AW44: 1. 감사는 대표이사(또는 내부회계관리자)와의 대면회의를 통해 내부회계 운영실태 점검결과를 논의하고, 평가 수행 및 그 결과에 대한 내부회계관리제도 평가표를 작성한다. 2. 감사는 정기총회 개최 1주 전까지 내부회계관리제도 평가보고서를 이사회에 대면 보고한다. | AX44: N/A | BA44: O | BC44: 내부회계관리제도 평가표, 감사의 평가보고서, 이사회의사록 | BD44: A | BE44: 1 | BF44: 【문서검사】 1. 감사의 평가내역 및 평가보고서, 이사회 의사록을 징구하여 다음을 확인한다. - 감사는 대표이사(또는 내부회계관리자)와의 대면회의를 통해 내부회계평가를 수행하였는지 여부 - 감사는 내부회계관리제도 운영 실태를 평가하고, 평가결과는 적절히 문서화되었는지 여부 2. '이사회의사록'을 통해 감사가 정기총회 개최 1주전까지 내부회계관리제도 평가보고서를 이사회 대면보고 하였는지 여부를 확인한다. | BG44: 경영지원팀 전결권자 | BH44: RCM상 '관련 정책 및 문서'를 확인한 결과 통제활동은 해당 정책과 연계되어 있음을 확인함. | BI44: RCM상 기재된 관련 통제위험을 감소시킬수 있도록 통제가 효과적으로 설계 되었음 | BJ44: 예외사항은 해당 통제의 수행시 오류가 발생할 경우로 정의하며, 추가절차를 위해 별도로 설정한 threshold는 없으며, 예외사항 발생시 즉시 추가적인 절차를 취하도록 설계됨. | BK44: 통제를 수행하는데 사용된 정보에 대한 컨트롤이 적절히 수행되고 있음. | BL44: 해당 사업연도 초에 통제가 설계되었으며, 설계이후 해당 통제의 수행기간은 충분하다고 판단됨. | BM44: 업무경험과 교육이수 등을 고려할 때 통제 수행자의 적격성은 충분함 | BN44: 본 통제활동에서 다루는 미비점 평가 및 시정계획 감독 및 보고는 거래의 연간 발생 빈도 및 중요도를 고려하여 주기를 A로 설정하였으며 통제 수행빈도는 해당 위험의 적시 예방 적발을 위해 적절하다고 판단됨. | BO44: 해당 통제와 관련한 중요한 위험인 [이사회 및 감사는 내부통제에 대한 감독기능의 미비로 외부 재무보고에 영향을 미치는 내부통제 미비점이 시정되지 않을 위험 ]에 대해 완전히 고려되고 있음. | BQ44: O | BS44: O | BW44: 내부회계관리제도 관련 규정의 수립 및 준수 | BX44: [현황] 현재는 비상장법인으로 내부회계관리제도의 운영의무가 없기 때문에 규정 및 조직이 구비되어 있지 아니함. [잠재적위험] 내부회계관리규정 및 조직의 미비로 인해 주식회사등의외부감사에관한법률상의 의무를 준수하지 못할 가능성이 존재함. | BY44: 향후 상장 시, 주식회사등의외부감사에관한법률 제8조에 따라 신뢰할 수 있는 회계정보의 작성과 공시를 위하여 다음 각 호의 사항이 포함된 내부회계관리규정과 이를 관리ㆍ운영하는 조직을 갖추어야 함. 1. 회계정보의 식별ㆍ측정ㆍ분류ㆍ기록 및 보고 방법에 관한 사항 2. 회계정보의 오류를 통제하고 이를 수정하는 방법에 관한 사항 3. 회계정보에 대한 정기적인 점검 및 조정 등 내부검증에 관한 사항 4. 회계정보를 기록ㆍ보관하는 장부의 관리 방법과 위조ㆍ변조ㆍ훼손 및 파기를 방지하기 위한 통제 절차에 관한 사항 5. 회계정보의 작성 및 공시와 관련된 임직원의 업무 분장과 책임에 관한 사항 6. 그 밖에 신뢰할 수 있는 회계정보의 작성과 공시를 위하여 필요한 사항으로서 대통령령으로 정하는 사항
A45: 7 | B45: SD | C45: 매출관리 | D45: SD-010 | E45: 주문 및 거래관리 | F45: SD-010-10 | G45: SD-010-10-10 | H45: 솔루션사업팀 | I45: 1. 고객주문 내용이 완전하게 파악되지 아니하여 잘못된 구매가 발생할 위험 2. 중요한 비경상적인 거래가 통제되지 아니할 위험 | J45: Low | K45: High | L45: Low | M45: Low | N45: Low | O45: LR | P45: 주문은 정확하고 완전하게 처리되어야 한다. | Q45: 견적서 제출전 사전 타당성검토 | R45: 견적서의 제출 시 권한있는 승인권자가 금액 및 거래조건 등에 대하여 승인하고 문서화하여야 한다. | S45: Yes | T45: O | W45: O | Y45: O | Z45: P | AA45: M | AB45: O | AC45: O | AD45: O | AG45: O | AI45: 매출, 매출채권, 계약자산, 계약부채, 부가가치세예수금 | AJ45: D | AK45: N/A | AL45: N/A | AM45: N/A | AN45: L | AO45: H | AP45: L | AQ45: L | AR45: L | AS45: L | AT45: L | AU45: L | AV45: Not Higher | AW45: 1. 고객으로부터 구두 혹은 이메일로 구매요청을 수령하면, 고객이 요구하는 내용 및 가이드라인에 근거하여 영업담당자는 판매가 및 대금 결제조건을 결정함. 2. 작성된 견적서(제안서)는 상위권자에게 문서화를 통하여 보고되며 상위권자의 결제를 득함. | AX45: 1. 고객사로부터의 주문을 접수 시 제안서 또는 견적서를 작성하여 제출함. 2. 제안서 또는 견적서에 대한 문서화된 승인절차는 없으며, 해당 영업팀장에게 구두 보고 후 제출하고 있음. 3. 판매단가의 경우 제품별로 사전에 정해진 가이드라인이 정해져 있으며, 50% 이상의 할인율을 적용할경우 사업본부장에게 이메일로 보고 후 제출하고 있음. | BA45: O | BC45: 매출전표 | BD45: A | BE45: 2 | BF45: 【질문, 문서검사】 1. 솔루션사업본부의 영업담당자에게 견적서(제안서)가 상위권자 승인을 받고 있는지 질문한다. 2. 표본기간 중의 매출전표을 모집단으로 하여 표본수에 해당하는 표본을 추출한다. 2. 표본으로 선정된 매출계약에 대한 견적서(제안서)가 상위권자의 문서화된 결제를 득하였는지 문서검사를 실시한다. | BG45: 솔루션사업본부 전결권자 | BH45: RCM상 '관련 정책 및 문서'를 확인한 결과 통제활동은 해당 정책과 연계되어 있음을 확인함. | BI45: RCM상 기재된 관련 통제위험을 감소시킬수 있도록 통제가 효과적으로 설계 되었음 | BJ45: 예외사항은 해당 통제의 수행시 오류가 발생할 경우로 정의하며, 추가절차를 위해 별도로 설정한 threshold는 없으며, 예외사항 발생시 즉시 추가적인 절차를 취하도록 설계됨. | BK45: 통제를 수행하는데 사용된 정보에 대한 컨트롤이 적절히 수행되고 있음. | BL45: 해당 사업연도 초에 통제가 설계되었으며, 설계이후 해당 통제의 수행기간은 충분하다고 판단됨. | BM45: 업무경험과 교육이수 등을 고려할 때 통제 수행자의 적격성은 충분함 | BN45: 본 통제활동에서 다루는 견적서 제출전 사전 타당성검토는 거래의 연간 발생 빈도 및 중요도를 고려하여 주기를 D로 설정하였으며 통제 수행빈도는 해당 위험의 적시 예방 적발을 위해 적절하다고 판단됨. | BO45: 해당 통제와 관련한 중요한 위험인 [1. 고객주문 내용이 완전하게 파악되지 아니하여 잘못된 구매가 발생할 위험 2. 중요한 비경상적인 거래가 통제되지 아니할 위험 ]에 대해 완전히 고려되고 있음. | BQ45: O | BS45: O | BW45: 견적서(제안서)에 대한 문서화된 승인 | BX45: [현황] 솔루션사업부 내 영업담당자는 견적서(제안서)를 작성 후 상위권자에게 구두 또는 이메일로 보고되고 있으나, 견적서(제안서)의 승인 여부에 대한 별도의 문서화가 이루어지지 않고 있음. [잠재적 위험] 승인권자의 승인이 이루어지지 않은 견적서(제안서)가 제출되어 오류 및 부정이 발생할 수 있는 매출거래가 발생할 위험이 존재함. 또한, 내부회계관리제도 문서화 측면에서 구두 보고는 실제로 통제활동이 이루어지지 않았다고 간주될 수 있음. | BY45: [개선안] 영업담당자가 작성한 견적서(제안서)가 고객사에 제출되기 전에 승인권자의 문서화된 승인을 득함으로서 잘못된 견적서가 제출될 위험을 감소시키는 업무프로세스가 구축되어야 할 것으로 판단됨.
A46: 7 | B46: SD | C46: 매출관리 | D46: SD-010 | E46: 주문 및 거래관리 | F46: SD-010-10 | G46: SD-010-10-20 | H46: 솔루션사업팀 | I46: 검토되지 않은 부적절한 계약으로 매출인식의 오류 및 부정이 발생할 위험 | J46: Low | K46: High | L46: Low | M46: Low | N46: Low | O46: LR | P46: 매출계약은 정당한 승인절차를 거쳐 체결된다. | Q46: 매출계약 승인 | R46: 매출계약은 품의서에 따라 권한있는 승인권자의 검토 및 승인에 따라 체결된다. | S46: Yes | T46: O | U46: O | Y46: O | Z46: P | AA46: M | AB46: O | AC46: O | AD46: O | AG46: O | AH46: O | AI46: 매출, 매출채권, 계약자산, 계약부채, 부가가치세예수금 | AJ46: D | AK46: N/A | AL46: N/A | AM46: N/A | AN46: L | AO46: H | AP46: L | AQ46: H | AR46: L | AS46: L | AT46: L | AU46: L | AV46: Not Higher | AW46: 1. 제안 내용이 채택되어 최종 가격 및 판매조건에 대한 협상이 완료되면 계약서를 작성하며, 계약에 대한 품의서를 작성하여 상위권자의 승인을 받고 있음. | AX46: 1. 제안 내용이 채택되어 최종 가격 및 판매조건에 대한 협상이 완료되면 계약서를 작성하며, 영업담당자는 견적서와 함께 이메일로 경영지원팀장에게 검토를 요청함. 2. 경영지원팀장은 계약서 검토 후 이상이 없는 경우 구두 또는 이메일로 회신하고 있음. | BA46: O | BC46: 매출전표 | BD46: A | BE46: 2 | BF46: 【문서검사】 1. 표본기간 중의 매출전표을 모집단으로 하여 표본수에 해당하는 표본을 추출한다. 2. 표본으로 선정된 매출건에 대한 계약체결품의서 및 계약서가 작성되었는지 확인한다. 3. 품의서상 계약조건이 제안서와 일치하며, 경영지원팀장의 승인을 득하였음을 확인한다. | BG46: 경영지원팀 전결권자 | BH46: RCM상 '관련 정책 및 문서'를 확인한 결과 통제활동은 해당 정책과 연계되어 있음을 확인함. | BI46: RCM상 기재된 관련 통제위험을 감소시킬수 있도록 통제가 효과적으로 설계 되었음 | BJ46: 예외사항은 해당 통제의 수행시 오류가 발생할 경우로 정의하며, 추가절차를 위해 별도로 설정한 threshold는 없으며, 예외사항 발생시 즉시 추가적인 절차를 취하도록 설계됨. | BK46: 통제를 수행하는데 사용된 정보에 대한 컨트롤이 적절히 수행되고 있음. | BL46: 해당 사업연도 초에 통제가 설계되었으며, 설계이후 해당 통제의 수행기간은 충분하다고 판단됨. | BM46: 업무경험과 교육이수 등을 고려할 때 통제 수행자의 적격성은 충분함 | BN46: 본 통제활동에서 다루는 매출계약 승인는 거래의 연간 발생 빈도 및 중요도를 고려하여 주기를 D로 설정하였으며 통제 수행빈도는 해당 위험의 적시 예방 적발을 위해 적절하다고 판단됨. | BO46: 해당 통제와 관련한 중요한 위험인 [검토되지 않은 부적절한 계약으로 매출인식의 오류 및 부정이 발생할 위험 ]에 대해 완전히 고려되고 있음. | BQ46: O | BS46: O | BW46: 매출계약서에 대한 문서화된 승인 | BX46: [현황] 매출계약의 체결 시 이메일로 경영지원팀장에게 계약서에 대한 검토를 요청하고 있으나, 승인여부에 대한 별도의 문서화가 이루어지지 않고 있음. [잠재적 위험] 매출계약서에 대한 승인권자의 검토 및 승인이 이루어지지 않은 계약이 체결되어 오류 또는 부정이 발생할 위험이 존재함. 또한, 내부회계관리제도 문서화 측면에서 구두 보고는 실제로 통제활동이 이루어지지 않았다고 간주될 수 있음. | BY46: [개선안] 매출계약서는 사전에 정해진 체크리스트를 통해 검토가 이뤄지고, 권한있는 승인권자는 체크리스트 및 계약의 주요한 조건에 대한 검토를 실시하는 업무프로세스가 구축되어야 함. 매출계약 체결에 대하여 승인권자의 문서화된 승인을 득한 이후 계약서의 법인인감날인이 이뤄지게 함으로서 잘못된 매출계약이 체결될 위험을 감소시키는 업무프로세스가 구축되어야 함.
A47: 13 | B47: SD | C47: 매출관리 | D47: SD-020 | E47: 매출기록 및 청구 | F47: SD-020-10 | G47: SD-020-10-10 | H47: 솔루션사업팀 | I47: 매출인식이 부정확하게 기록되어 매출의 측정 및 기간귀속에 왜곡표시가 발생할 위험 | J47: High | K47: High | L47: High | M47: High | N47: Low | O47: SR | P47: 수익은 완전하고 정확하게 집계되어 처리되어야 한다. | Q47: 매출전표의 승인 | R47: 매출은 관련 증빙에 따라 권한있는 승인권자의 검토 및 승인절차를 통해 기록된다. | S47: Yes | T47: O | U47: O | Z47: P | AA47: M | AD47: O | AE47: O | AF47: O | AG47: O | AH47: O | AI47: 매출, 매출채권, 계약자산, 계약부채, 부가가치세예수금 | AJ47: D | AK47: N/A | AL47: 더존 | AM47: N/A | AN47: L | AO47: H | AP47: H | AQ47: H | AR47: L | AS47: H | AT47: H | AU47: L | AV47: Higher | AW47: 1. 솔루션사업본부 담당자는 고객사 확인을 받은 납품확인서, 인증서, 검수확인서, 견적서, 계약서 등을 첨부하여 세금계산서발행요청서 기재하여 경영지원팀에게 세금계산서 발행을 요청함. 2. 경영지원팀장은 관련 증빙을 확인 후 세금계산서발행요청서를 승인하며, 세금계산서 발행 후 매출전표를 작성하여 경영지원팀장의 승인을 받음. 3. 경영지원팀 담당자는 월별로 매출 발생 내역을 엑셀로 정리하여 경영지원팀장, 대표이사에게 보고하고 있으며, 이를 통해 매출누락 여부 등이 확인됨. | AX47: 1. 영업부 담당자는 계약서, 견적서를 첨부한 세금계산서발행요청서를 작성하여 영업팀장의 승인을 득한 후 경영지원팀에 세금계산서 발행을 요청함. 2. 세금계산서발행요청서 상 납품확인서, 인증서, 검수확인서 등 매출 완료 여부를 확인할 수 있는 증빙은 첨부되고 있지 아니함. 2. 세금계산서 발행 후 매출전표를 작성하고 있으며, 별도로 경영지원팀장의 승인을 득하고 있지 아니함. 3. 월별로 매출내역은 대표이사에게 보고되고 있음. | BA47: O | BC47: 매출전표 | BD47: A | BE47: 15 | BF47: 【문서검사】 1. 표본기간 중의 매출전표을 모집단으로 하여 표본수에 해당하는 표본을 추출한다. 2. 표본으로 선정된 매출건에 대하여 관련 증빙(검수확인서, 납품확인서, 인증서, 계약서 등)과 세금계산서발행요청서, 매출전표과 일치하는지 여부를 확인한다. 3. 세금계산서 발행요청서와 매출전표는 경영지원팀장의 승인을 득하였는지 확인한다. | BG47: 경영지원팀 전결권자 | BH47: RCM상 '관련 정책 및 문서'를 확인한 결과 통제활동은 해당 정책과 연계되어 있음을 확인함. | BI47: RCM상 기재된 관련 통제위험을 감소시킬수 있도록 통제가 효과적으로 설계 되었음 | BJ47: 예외사항은 해당 통제의 수행시 오류가 발생할 경우로 정의하며, 추가절차를 위해 별도로 설정한 threshold는 없으며, 예외사항 발생시 즉시 추가적인 절차를 취하도록 설계됨. | BK47: 통제를 수행하는데 사용된 정보에 대한 컨트롤이 적절히 수행되고 있음. | BL47: 해당 사업연도 초에 통제가 설계되었으며, 설계이후 해당 통제의 수행기간은 충분하다고 판단됨. | BM47: 업무경험과 교육이수 등을 고려할 때 통제 수행자의 적격성은 충분함 | BN47: 본 통제활동에서 다루는 매출전표의 승인는 거래의 연간 발생 빈도 및 중요도를 고려하여 주기를 D로 설정하였으며 통제 수행빈도는 해당 위험의 적시 예방 적발을 위해 적절하다고 판단됨. | BO47: 해당 통제와 관련한 중요한 위험인 [매출인식이 부정확하게 기록되어 매출의 측정 및 기간귀속에 왜곡표시가 발생할 위험 ]에 대해 완전히 고려되고 있음. | BQ47: O | BS47: O | BW47: 매출 발생 증빙에 대한 검토 | BX47: [현황] 솔루션사업부 내 영업담당자는 세금계산서 발행 요청 시 견적서, 계약서를 첨부한 세금계산서발행요청서를 작성하여 경영지원팀에 요청하고 있으나, 실제 납품이 이뤄졌음을 확인할 수 있는 증빙(납품확인서, 검수확인서, 인증서 등)에 대한 검토는 경영지원팀에서 이뤄지고 있지 아니함. 세금계산서발행요청서에 대하여 경영지원팀장의 승인이 이루어지지 않고 있음. [잠재적 위험] 세금계산서의 발급이 적절히 이뤄지지 않아 매출인식이 부정확하게 기록되어 매출의 측정 및 기간귀속에 왜곡표시가 발생할 위험이 존재함. | BY47: [개선안] 경영지원팀 담당자는 견적서, 계약서 외에 실제 납품의 발생사실을 확인할 수 있는 증빙을 입수하여 검토하는 업무프로세스가 구축되어야 함. 세금계산서 발행요청서는 승인권자의 문서화된 승인을 득함으로서 매출이 부적확하게 기록될 위험을 감소시키는 업무프로세스가 구축되어야 함.
A48: 2 | B48: SD | C48: 매출관리 | D48: SD-020 | E48: 매출기록 및 청구 | F48: SD-020-30 | G48: SD-020-20-30 | H48: 이단비 | I48: 유지보수매출에 대한 계산이 정확하고 완전하게 계산되지 않아 왜곡표시가 발생할 위험 | J48: Low | K48: Low | L48: High | M48: Low | N48: High | O48: HR | P48: 유지보수매출은 정확하게 완전하게 기록된다 | Q48: 유지보수매출 조정 | R48: 유지보수 매출 관련 조정분개는 정확하게 계산되어야 하고, 정확성을 확보할 수 있도록 적절한 검토가 이루어져야 한다. | S48: Yes | T48: O | U48: O | W48: O | X48: O | Z48: P | AA48: M | AB48: O | AC48: O | AD48: O | AE48: O | AH48: O | AI48: 매출, 매출채권, 계약자산, 계약부채 | AJ48: Q | AK48: Y | AL48: 더존 | AM48: 유지보수매출 계산파일 | AN48: H | AO48: L | AP48: H | AQ48: L | AR48: L | AS48: L | AT48: L | AU48: L | AV48: Not Higher | AW48: 전결권자는 담당자가 작성한 유지보수매출 조정관련 회계전표와 첨부된 검증내역 대해 다음의 관점에서 검토 후 승인한다. - 소프트웨어 매출 조정파일의 내용의 관련 매출계약서상의 내용과 일치하는지를 확인 - 회계처리에 사용된 유지보수 매출 인식 스케쥴이 최초 유지보수 매출계산시 사용된 스케쥴표와 변경되었는지 여부에 대한 확인 - 유지보수 매출계산에 있어 사용된 로직의 변경사항이 존재하는지와 산출된 계산내역이 적절한지를 확인함. | AX48: IFRS적용에 따른 유지보수매출 조정과 관련한 프로세스는 현재 별도로 존재하지 않음 | BA48: O | BC48: 유지보수매출 조정전표 | BD48: A | BE48: 2 | BF48: 【문서검사】 1. 표본기간 중의 유지보수매출 조정전표을 모집단으로 하여 표본수에 해당하는 표본을 추출한다. 2. 표본으로 선정된 매출전표 상 계약부채, 계약자산 금액과 경영지원팀 담당자가 작성한 유지보수매출 조정 엑셀파일이 일치하는지 확인한다. 3. 유지보수매출 계산에 사용된 계약정보가 계약서상 기재된 정보(계약금액, 유지보수기간)와 일치하는지 확인한다. 4. 유지보수 조정전표가 경영지원팀장의 승인을 받았는지 확인한다. | BG48: 경영지원팀 전결권자 | BH48: RCM상 '관련 정책 및 문서'를 확인한 결과 통제활동은 해당 정책과 연계되어 있음을 확인함. | BI48: RCM상 기재된 관련 통제위험을 감소시킬수 있도록 통제가 효과적으로 설계 되었음 | BJ48: 예외사항은 해당 통제의 수행시 오류가 발생할 경우로 정의하며, 추가절차를 위해 별도로 설정한 threshold는 없으며, 예외사항 발생시 즉시 추가적인 절차를 취하도록 설계됨. | BK48: 통제를 수행하는데 사용된 정보에 대한 컨트롤이 적절히 수행되고 있음. | BL48: 해당 사업연도 초에 통제가 설계되었으며, 설계이후 해당 통제의 수행기간은 충분하다고 판단됨. | BM48: 업무경험과 교육이수 등을 고려할 때 통제 수행자의 적격성은 충분함 | BN48: 본 통제활동에서 다루는 유지보수매출 조정는 거래의 연간 발생 빈도 및 중요도를 고려하여 주기를 Q로 설정하였으며 통제 수행빈도는 해당 위험의 적시 예방 적발을 위해 적절하다고 판단됨. | BO48: 해당 통제와 관련한 중요한 위험인 [유지보수매출에 대한 계산이 정확하고 완전하게 계산되지 않아 왜곡표시가 발생할 위험 ]에 대해 완전히 고려되고 있음. | BQ48: O | BS48: O | BW48: 유지보수매출 조정에 대한 검증절차 | BX48: [현황] S/W 매출은 S/W 공급과 유지보수용역의 수행의무로 분리됨에 따라 유지보수 수행의무에 대한 매출인식의 조정이 이뤄지고 있음. 유지보수매출의 조정은 엑셀파일로 이뤄지고 있으나 이에 대한 상위권자에 의한 검토 및 승인절차가 구비되어 있지 아니함. [잠재적위험] 유지보수매출 조정 전표가 부정확하게 계산되거나 부적절하게 기록되어 재무제표에 왜곡이 발생할 위험 | BY48: 적절한 상위권자가 유지보수매출 조정 계산내역을 확인하고 조정전표와 계산파일 상의 결과값이 일치하는지 검토 후 전표를 승인하는 프로세스를 구축할 것을 권고함.
A49: 2 | B49: SD | C49: 매출관리 | D49: SD-030 | E49: 채권관리 및 대손상각 | F49: SD-030-10 | G49: SD-030-10-10 | H49: 이단비 | I49: 채권이 거래처별, 만기별, 신용거래한도내 거래가 관리되지 아니하여 부실채권이 발생할 위험 | J49: Low | K49: Low | L49: Low | M49: Low | N49: Low | O49: LR | P49: 매출채권은 적절하게 관리되어야 한다. | Q49: 거래처별, 만기별, 신용거래 한도내 채권관리 | R49: 매출채권은 거래처별, 만기별,신용거래 한도내 거래가 되도록 관리되어야 한다. | S49: Yes | T49: O | U49: O | Y49: O | Z49: P | AA49: M | AD49: O | AE49: O | AH49: O | AI49: 매출채권, 계약자산, 대손충당금, 대손상각비 | AJ49: M | AK49: N/A | AL49: N/A | AM49: N/A | AN49: L | AO49: H | AP49: L | AQ49: H | AR49: L | AS49: H | AT49: H | AU49: L | AV49: Higher | AW49: 1. 여신관리 규정이 제정되어 적용되고 있으며, 여신관리 규정에 따라 일정 신용등급 이하의 거래처에 대해서는 여신한도를 부여함. 2. 매출계약체결 품의서 작성 시 해당 거래처의 여신한도 및 채권잔액을 기재하여 여신한도를 초과한 주문접수를 방지하고 있음. | AX49: 1. 별도의 여신한도를 설정하고 있지 아니하며, 신규거래처의 경우 별도로 거래처에 대한 신용조사는 이뤄지고 있지 아니함. | BA49: O | BC49: 매출전표 | BD49: A | BE49: 2 | BF49: 【문서검사】 1. 여신관리 규정이 제정되어 적용되고 있는지 질문한다. 2. 표본기간 중의 매출전표을 모집단으로 하여 표본수에 해당하는 표본을 추출한다. 3. 표본으로 선정된 매출에 대한 계약체결품의서 상 여신한도 및 채건잔액을 기재하고 있는지 문서검사한다. | BG49: 경영지원팀 내 채권담당자 | BH49: RCM상 '관련 정책 및 문서'를 확인한 결과 통제활동은 해당 정책과 연계되어 있음을 확인함. | BI49: RCM상 기재된 관련 통제위험을 감소시킬수 있도록 통제가 효과적으로 설계 되었음 | BJ49: 예외사항은 해당 통제의 수행시 오류가 발생할 경우로 정의하며, 추가절차를 위해 별도로 설정한 threshold는 없으며, 예외사항 발생시 즉시 추가적인 절차를 취하도록 설계됨. | BK49: 통제를 수행하는데 사용된 정보에 대한 컨트롤이 적절히 수행되고 있음. | BL49: 해당 사업연도 초에 통제가 설계되었으며, 설계이후 해당 통제의 수행기간은 충분하다고 판단됨. | BM49: 업무경험과 교육이수 등을 고려할 때 통제 수행자의 적격성은 충분함 | BN49: 본 통제활동에서 다루는 거래처별, 만기별, 신용거래 한도내 채권관리는 거래의 연간 발생 빈도 및 중요도를 고려하여 주기를 M로 설정하였으며 통제 수행빈도는 해당 위험의 적시 예방 적발을 위해 적절하다고 판단됨. | BO49: 해당 통제와 관련한 중요한 위험인 [채권이 거래처별, 만기별, 신용거래한도내 거래가 관리되지 아니하여 부실채권이 발생할 위험 ]에 대해 완전히 고려되고 있음. | BQ49: O | BS49: O | BW49: 고객신용평가절차 및 여신관리규정 구비 | BX49: [현황] 신규거래 발생 시 고객에 대한 신용조사가 이뤄지고 있지 아니하며, 기존 고객에 대하여 신용평가가 주기적으로 이뤄지고 있지 아니함 고객에 대한 신용등급 및 담보력 평가에 대한 여신관리 규정이 미비함. [잠재적 위험] 여신관리의 미비로 인해 부실채권 발생을 예방하지 못할 위험 | BY49: 신규 고객에 대한 거래 발생 시 거래처의 신용평가서, 재무제표 등을 입수하여 경영지원팀에서 고객에 대한 신용거래 여부에 대한 승인을 득하는 업무프로세스를 구축하여야 함. 고객을 신용등급에 따라 구분하여 신용등급이 일정 등급 이하인 고객에 대해서는 여신한도를 설정하고, 여신한도를 초과하는 거래에 대해서는 신규 수주를 방지하는 등의 내용이 담긴 여신한도 규정을 신설하여 부실채권의 발생을 예방하는 업무프로세스를 구축하여야 함.
A50: 3 | B50: SD | C50: 매출관리 | D50: SD-030 | E50: 채권관리 및 대손상각 | F50: SD-030-20 | G50: SD-030-20-10 | H50: 이단비 | I50: 주기적으로 업체별 채권현황 및 지연현황이 보고되지 않아 부실채권이 발생할 위험 | J50: High | K50: High | L50: Low | M50: Low | N50: Low | O50: HR | P50: 미회수채권은 지연사유가 명확히 규명,관리되어야 한다. | Q50: 채권관리현황보고 | R50: 미회수채권은 그 발생원인이 규명되어야 하며 주기적인 상위권자 보고를 통하여 관리되어야 한다. | S50: Yes | U50: O | X50: O | Z50: P | AA50: M | AD50: O | AE50: O | AG50: O | AH50: O | AI50: 매출채권, 계약자산, 대손충당금, 대손상각비 | AJ50: M | AK50: N/A | AL50: 더존 | AM50: N/A | AN50: L | AO50: H | AP50: L | AQ50: L | AR50: L | AS50: H | AT50: H | AU50: L | AV50: Not Higher | AW50: 1. <xxx실, 팀>담당자는 각 거래처별 대금 회수 조건을 관리하고 있으며, 매월말 대금 회수 기간이 경과하였음에도 회수되지 않는 채권에 대해서는 매월말 집계하여 영업담당자에게 통보함. 2. 각 영업담당자는 원인을 조사하여 경영지원팀 담당자 및 경영지원팀장에게 문서로 보고함. 3. 경영지원팀 담당자는 경영지원팀의 승인을 받은 문서에 근거하여 회계처리를 함. | AX50: 1. <xxx실, 팀>담당자는 각 거래처별 대금 회수 조건을 관리하고 있으며, 매월말 대금 회수 기간이 경과하였음에도 회수되지 않는 채권에 대해서는 매월말 집계하여 영업담당자에게 통보함. 2. 각 영업담당자는 원인을 조사하여 경영지원팀 담당자 및 경영지원팀장에게 문서로 보고함. | BA50: O | BC50: 회수기간 초과 채권 확인요청 리스트 | BD50: A | BE50: 2 | BF50: 【질문, 문서검사】 1. 경영지원팀 담당자가 매월 대금 회수 기간을 경과한 채권이 있는지 여부를 검토하고 있는지 질문한다. 2. 회수기간 경과채권에 대해서는 경영지원팀장에게 보고 및 승인 받은 문서를 확인하고, 승인 받은 내용대로 회계처리되었는지 회계전표를 확인한다. | BG50: 경영지원팀 내 채권담당자 | BH50: RCM상 '관련 정책 및 문서'를 확인한 결과 통제활동은 해당 정책과 연계되어 있음을 확인함. | BI50: RCM상 기재된 관련 통제위험을 감소시킬수 있도록 통제가 효과적으로 설계 되었음 | BJ50: 예외사항은 해당 통제의 수행시 오류가 발생할 경우로 정의하며, 추가절차를 위해 별도로 설정한 threshold는 없으며, 예외사항 발생시 즉시 추가적인 절차를 취하도록 설계됨. | BK50: 통제를 수행하는데 사용된 정보에 대한 컨트롤이 적절히 수행되고 있음. | BL50: 해당 사업연도 초에 통제가 설계되었으며, 설계이후 해당 통제의 수행기간은 충분하다고 판단됨. | BM50: 업무경험과 교육이수 등을 고려할 때 통제 수행자의 적격성은 충분함 | BN50: 본 통제활동에서 다루는 채권관리현황보고는 거래의 연간 발생 빈도 및 중요도를 고려하여 주기를 M로 설정하였으며 통제 수행빈도는 해당 위험의 적시 예방 적발을 위해 적절하다고 판단됨. | BO50: 해당 통제와 관련한 중요한 위험인 [주기적으로 업체별 채권현황 및 지연현황이 보고되지 않아 부실채권이 발생할 위험 ]에 대해 완전히 고려되고 있음. | BQ50: O | BS50: O
A51: 2 | B51: SD | C51: 매출관리 | D51: SD-030 | E51: 채권관리 및 대손상각 | F51: SD-030-40 | G51: SD-030-40-10 | H51: 노정희 | I51: 대손충당금이 과소/과다계상되어 채권잔액이 부적절하게 평가될 위험 | J51: Low | K51: Low | L51: High | M51: Low | N51: High | O51: HR | P51: 대손충당금은 정확하게 완전하게 기록된다 | Q51: 대손충당금의 설정 | R51: 대손충당금은 정확하게 계산되어야 하고, 정확성을 확보할 수 있도록 적절한 검토가 이루어져야 한다. | S51: Yes | T51: O | U51: O | W51: O | X51: O | Z51: P | AA51: M | AB51: O | AC51: O | AD51: O | AE51: O | AH51: O | AI51: 매출채권, 계약자산, 대손충당금, 대손상각비 | AJ51: Q | AK51: Y | AL51: 더존 | AM51: 대손충당금계산파일 | AN51: H | AO51: H | AP51: H | AQ51: L | AR51: L | AS51: H | AT51: L | AU51: L | AV51: Higher | AW51: 1. 경영지원팀 담당자는 채권 명세서를 기초로 대손충당금 금액을 산출한 후 계산내역을 첨부하여 대손충당금 전표를 상신한다. 2. 전결권자는 담당자가 작성한 대손충당금 회계전표와 첨부된 대손충당금 계산내역에 대하 다음의 관점에서 검토 후 승인한다. - 계산파일 상의 매출채권 잔액이 결산일 현재 매출채권 잔액과 일치하는지를 확인 - 연령분석표 상 매출채권의 연령이 ERP 상에서 산출된 연령과 일치하는지를 확인 - 손실률 추정에 대한 계산로직의 변경사항이 존재하는지와 산출된 계산내역이 적절한지 확인 | AX51: IFRS적용에 따른 대손충당금 조정과 관련한 프로세스는 현재 별도로 존재하지 않음 | BA51: O | BC51: 매출채권 대손전표 | BD51: A | BE51: 2 | BF51: 【문서검사】 1. 표본기간 중의 대손충당금 전표을 모집단으로 하여 표본수에 해당하는 표본을 추출한다. 2. 표본으로 선정된 기간에 대한 대손충당금 결산전표와 계산근거를 수령한다. 3. 전표 금액과 계산 근거가 일치하는지 확인한다. 4. 대손충당금 전표 상 경영지원팀장의 승인이 있는지 확인한다. | BG51: 경영지원팀 전결권자 | BH51: RCM상 '관련 정책 및 문서'를 확인한 결과 통제활동은 해당 정책과 연계되어 있음을 확인함. | BI51: RCM상 기재된 관련 통제위험을 감소시킬수 있도록 통제가 효과적으로 설계 되었음 | BJ51: 예외사항은 해당 통제의 수행시 오류가 발생할 경우로 정의하며, 추가절차를 위해 별도로 설정한 threshold는 없으며, 예외사항 발생시 즉시 추가적인 절차를 취하도록 설계됨. | BK51: 통제를 수행하는데 사용된 정보에 대한 컨트롤이 적절히 수행되고 있음. | BL51: 해당 사업연도 초에 통제가 설계되었으며, 설계이후 해당 통제의 수행기간은 충분하다고 판단됨. | BM51: 업무경험과 교육이수 등을 고려할 때 통제 수행자의 적격성은 충분함 | BN51: 본 통제활동에서 다루는 대손충당금의 설정는 거래의 연간 발생 빈도 및 중요도를 고려하여 주기를 Q로 설정하였으며 통제 수행빈도는 해당 위험의 적시 예방 적발을 위해 적절하다고 판단됨. | BO51: 해당 통제와 관련한 중요한 위험인 [대손충당금이 과소/과다계상되어 채권잔액이 부적절하게 평가될 위험 ]에 대해 완전히 고려되고 있음. | BQ51: O | BS51: O | BW51: 대손충당금 검증 및 승인절차 | BX51: [현황] 대손충당금은 채권연령분석표에 따라 엑셀파일로 계산되고 있으나 계산파일에 대한 상위권자에 의한 검토 및 대손충당금 전표에 대한 승인절차가 구비되어 있지 아니함. [잠재적위험] 대손충당금 계산내역에 대한 상위권자의 검토 및 승인절차가 구비되어 있지 않음에 따라 조정전표가 부적절하게 기표되어 재무제표에 왜곡이 발생할 위험 | BY51: 상위권자가 분기별로 계산된 대손충당금 산출내역을 확인하고 관련전표와 계산파일 상의 내역이 일치하는지 검토 후 승인하는 프로세스를 개선할 것을 권고함.
A52: 1 | B52: SD | C52: 매출관리 | D52: SD-040 | E52: 마스터 데이터 관리 | F52: SD-040-10 | G52: SD-040-10-20 | H52: 채새롬 이단비 | I52: 승인 받지 않은 고객정보가 입력되어 마스터테이터가 부적절하게 등록될 위험. 권한없는 자의 마스터데이터 접근으로 인하여 잘못된 정보가 입력될 위험. | J52: Low | K52: Low | L52: Low | M52: Low | N52: Low | O52: LR | P52: 마스터 데이터는 정확하게 관리되어야 한다. | Q52: 고객마스터데이터에 대한 접근통제 | R52: 고객파일에 대한 접근은 수정권한이 있는 부서로 한정되어 관리되어야 한다. | S52: Yes | U52: O | V52: O | W52: O | Y52: O | Z52: P | AA52: M | AD52: O | AF52: O | AH52: O | AI52: 매출, 매출채권, 계약자산, 계약부채, 부가가치세예수금 | AJ52: A | AK52: N/A | AL52: 더존 | AM52: N/A | AN52: L | AO52: L | AP52: L | AQ52: L | AR52: L | AS52: L | AT52: L | AU52: L | AV52: Not Higher | AW52: 1. 신규 거래처 등록이나 변경 등록 시, 영업담당자는 고객정보변경/등록요청서를 작성하여 담당부서장의 승인을 받고 있으며, 승인 받은 요청서에 근거하여 접근권한을 부여 받은 경영지원팀 담당자가 등록을 하고 있음. | AX52: 1. 거래처 마스터파일은 영업팀에서 관리하고 있으며, 세금계산서 발행 등은 각 부서에서 건별로 요청시 첨부된 자료에 따라 이루어지고 있음. | BA52: O | BC52: 접근권한 리스트 | BD52: A | BE52: 1 | BF52: 【문서검사】 1. 접근권한 리스트를 요청하여 담당자 이외의 자의 접근이 가능한지 문서검사한다. | BG52: 경영지원팀 내 채권담당자 | BH52: RCM상 '관련 정책 및 문서'를 확인한 결과 통제활동은 해당 정책과 연계되어 있음을 확인함. | BI52: RCM상 기재된 관련 통제위험을 감소시킬수 있도록 통제가 효과적으로 설계 되었음 | BJ52: 예외사항은 해당 통제의 수행시 오류가 발생할 경우로 정의하며, 추가절차를 위해 별도로 설정한 threshold는 없으며, 예외사항 발생시 즉시 추가적인 절차를 취하도록 설계됨. | BK52: 통제를 수행하는데 사용된 정보에 대한 컨트롤이 적절히 수행되고 있음. | BL52: 해당 사업연도 초에 통제가 설계되었으며, 설계이후 해당 통제의 수행기간은 충분하다고 판단됨. | BM52: 업무경험과 교육이수 등을 고려할 때 통제 수행자의 적격성은 충분함 | BN52: 본 통제활동에서 다루는 고객마스터데이터에 대한 접근통제는 거래의 연간 발생 빈도 및 중요도를 고려하여 주기를 A로 설정하였으며 통제 수행빈도는 해당 위험의 적시 예방 적발을 위해 적절하다고 판단됨. | BO52: 해당 통제와 관련한 중요한 위험인 [승인 받지 않은 고객정보가 입력되어 마스터테이터가 부적절하게 등록될 위험. 권한없는 자의 마스터데이터 접근으로 인하여 잘못된 정보가 입력될 위험. ]에 대해 완전히 고려되고 있음. | BQ52: O | BS52: O | BW52: 고객마스터에 대한 접근권한 관리 | BX52: [현황] 고객마스터파일은 영업팀에서 관리하고 있으며, 고객마스터파일에 대한 접근 및 변경권한은 제한되어 있지 아니함. [잠재적 위험] 고객마스터에 대한 접근 통제 미비로 가공의 거래처 등록을 예방하지 못할 위험 | BY52: 고객마스터파일은 중앙(경영지원팀 등)에서 일원적으로 관리하여야 하며, 각 인원별로 접근권한을 부여하고 접근권한리스트를 주기적으로 확인하여 권한부여가 적절하게 되어 있는지 확인해야 함
A53: 7 | B53: TR | C53: 자금관리 | D53: TR-010 | E53: 입출금관리 | F53: TR-010-10 | G53: TR-010-10-10 | H53: 이단비 | I53: 대금의 입금은 정당한 절차를 거쳐 이루어지고, 입금내역은 적시에 적절한 회계계정으로 기록되어야 한다. | J53: Low | K53: high | L53: Low | M53: Low | N53: Low | O53: LR | P53: 대금의 입금이 정당한 절차를 거치지 않을 경우 입금의 누락이 발생할 수 있으며, 입금내역이 적시에 기록되지 않거나 정확한 상대계정이 부여되지 않을 경우, 예금 및 채권이 정확하지 않게 재무제표에 기표될 가능성이 존재함. | Q53: 입금내역의 반영 | R53: 입금내역은 적시에 장부에 반영되어야 한다. | S53: Yes | U53: O | X53: O | Y53: O | Z53: P | AA53: M | AB53: O | AD53: O | AG53: O | AI53: 현금성자산, 매출채권 | AJ53: D | AK53: N/A | AL53: 더존 | AM53: N/A | AN53: L | AO53: H | AP53: L | AQ53: L | AR53: L | AS53: L | AT53: L | AU53: L | AV53: Not Higher | AW53: 1. 회사는 대부분의 매출대금을 현금으로 회수하고 있으며, 일부거래처에 대해서는 전자어음을 수령하고 있음(전자어음의 경우 은행을 통해 만기 입금이 이루어짐) 2. 경영지원팀의 자금담당자는 수시로 통장상의 입금내역을 확인(주거래통장은 더존과 연동되어 수시로 확인, 기타 통장은 월별로 확인)하며, 입금발생시 영업부서에 입금내역에 대한 통지를 실시함. 3. 입금내역에 대한 영업부서의 확인 후 경영지원팀 담당자는 입금전표를 작성하고관련 증빙을 첨부하여 전결권자로부터의 검토 및 승인을 진행하고 있으며, 입금내역이 반영된 자금일계표를 작성하여 일계표에 대한 승인절차를 진행함. | AX53: 1. 회사는 대부분의 매출대금을 현금으로 회수하고 있으며, 일부거래처에 대해서는 전자어음을 수령하고 있음(전자어음의 경우 은행을 통해 만기 입금이 이루어짐) 2. 별도의 자금과 관련한 일마감 절차 등은 수행하고 있지 않으며, 이에 따라 즉시 입금처리가 이루어지지 않는 경우가 존재함. | BA53: O | BC53: 통장, 회계전표, 일계표 | BD53: A | BE53: 7 | BF53: 【문서검사】 1. 표본기간 중의 보통예금통장상의 입금내역을 모집단으로 하여 표본수에 해당하는 표본을 추출한다. 2. 보통예금통장상의 입금내역과 매출채권 회수 관련 회계전표의 입금일자가 일치하는지 확인한다. 3. 보통예금 입금일의 일계표를 징구하여 일계표상 동 입금내역이 적절히 기재되어 있음을 확인한다. | BG53: 경영지원팀 자금전결권자 | BH53: RCM상 '관련 정책 및 문서'를 확인한 결과 통제활동은 해당 정책과 연계되어 있음을 확인함. | BI53: RCM상 기재된 관련 통제위험을 감소시킬수 있도록 통제가 효과적으로 설계 되었음 | BJ53: 예외사항은 해당 통제의 수행시 오류가 발생할 경우로 정의하며, 추가절차를 위해 별도로 설정한 threshold는 없으며, 예외사항 발생시 즉시 추가적인 절차를 취하도록 설계됨. | BK53: 통제를 수행하는데 사용된 정보에 대한 컨트롤이 적절히 수행되고 있음. | BL53: 해당 사업연도 초에 통제가 설계되었으며, 설계이후 해당 통제의 수행기간은 충분하다고 판단됨. | BM53: 업무경험과 교육이수 등을 고려할 때 통제 수행자의 적격성은 충분함 | BN53: 본 통제활동에서 다루는 입금내역의 반영는 거래의 연간 발생 빈도 및 중요도를 고려하여 주기를 D로 설정하였으며 통제 수행빈도는 해당 위험의 적시 예방 적발을 위해 적절하다고 판단됨. | BO53: 해당 통제와 관련한 중요한 위험인 [대금의 입금은 정당한 절차를 거쳐 이루어지고, 입금내역은 적시에 적절한 회계계정으로 기록되어야 한다. ]에 대해 완전히 고려되고 있음. | BQ53: O | BS53: O | BW53: 입금관련 업무분장 및 채권의 회수관리 | BX53: [현황] 자금 담당자는 매출발생시 전표처리를 실시하고, 매출채권 입금시에는 통장에서 입금내역(입금자, 입금액, 입금일자)을 확인하고, 직접 입금처리를 실시하는 한편, 월별로 거래처별 채권리스트를 작성하여 영업부서에 전달하고 있음. . 자금담당자는 통장별로 입금과 출금, 잔액을 확인할 수 있으나 동 거래내역을 근거로 즉시 전표처리를 실시하지 않으며, 일부 채권에 대해서는 월차 결산시에 일괄하여 전표처리를 실시함. [잠재적위험] 실질적인 매출채권의 관리부서인 영업부서가 아닌 경영지원팀에서 매출의 회계처리, 채권의 관리 및 입금에 대한 회계처리를 실시하고 있음에 따라, 매출계상 및 입금내역에 대한 부적절한 회계처리가 발생할 가능성이 있으며, 업무분장의 관점에서 적절하지 않음. 또한, 입금과 관련한 회계처리가 즉시 이루어져 관련 회계처리에 대한 검토가 이루어지지 않음에 따라, 회계처리상의 오류를 적시에 발견하지 못할 수 있으며, 거래처의 회수지연 등의 사유에 대해서 지속적인 관리가 이루어지지 않을 수 있음. | BY53: 입금과 관련한 내역을 채권의 관리 담당부서인 영업부서에서 직접 확인하여 회계처리를 실시하고, 경영지원팀에서는 회계처리 및 자금운용 관점에서 이를 검토하도록 업무분장을 구분하는 것이 적절함. 또한, 입금과 관련한 회계처리는 입금 즉시 이루어지는 한편 자금현황에 반영되어 장부상잔액과 자금현황이 일치하는지에 대해 수시로 검토 및 보고하는 프로세스가 구축되어야 함.
A54: 7 | B54: TR | C54: 자금관리 | D54: TR-010 | E54: 입출금관리 | F54: TR-010-10 | G54: TR-010-10-20 | H54: 이단비 | I54: 대금의 입금은 정당한 절차를 거쳐 이루어지고, 입금내역은 적시에 적절한 회계계정으로 기록되어야 한다. | J54: Low | K54: high | L54: Low | M54: Low | N54: Low | O54: LR | P54: 대금의 입금이 정당한 절차를 거치지 않을 경우 입금의 누락이 발생할 수 있으며, 입금내역이 적시에 기록되지 않거나 정확한 상대계정이 부여되지 않을 경우, 예금 및 채권이 정확하지 않게 재무제표에 기표될 가능성이 존재함. | Q54: 입금의 반제처리 | R54: 입금내역은 관련 채권과 적절히 상계되고 검토되어야 한다. | S54: Yes | T54: O | U54: O | X54: O | Y54: O | Z54: P | AA54: M | AB54: O | AC54: O | AG54: O | AI54: 현금성자산, 매출채권 | AJ54: D | AK54: N/A | AL54: 더존 | AM54: N/A | AN54: L | AO54: H | AP54: L | AQ54: L | AR54: L | AS54: L | AT54: L | AU54: L | AV54: Not Higher | AW54: 1. 경영지원팀의 자금담당자는 입금발생시 영업부서에 입금내역에 대한 통지를 실시함. 2. 경영지원실에서는 입금내역을 확인하여 영업부서에 공유함. 3. 경영지원실의 자금담당자는 채권과 입금액을 상계하는 입금전표를 작성함. 4. 경영지원팀에서는 월별로 입금처리가 완료된 거래처별 채권리스트를 작성하여 영업팀에 송부하며, 영업팀에서는 관리하고 있는 채권리스트와 경영지원팀에서 송부된 회계상의 채권리스트가 일치하는지에 대한 확인을 실시함. | AX54: 1. 경영지원팀의 자금담당자는 입금내역에 대해 경영지원팀에서 관리하고 있는 거래처별 채권리스트와 비교확인을 실시함. 2. 주거래통장과 과련한 입금처리는 더존의 입금전송기능을 사용하여 채권과의 매칭을 통해 수행하고, 기타의 통장과 관련한 입금처리는 직접 전표를 작성하고 있음. 3. 입금처리에 있어 확인이 어려운 채권이 존재하는 경우 영업팀에 채권리스트를 송부하여 해당 채권에 대한 문의를 진행하고 있으며, 월별로 입금처리가 완료된 거래처별 채권리스트를 작성하여 영업팀에 송부하고 있음. | BA54: O | BC54: 통장, 회계전표, 매출채권명세서 | BD54: A | BE54: 7 | BF54: 【문서검사】 1. 표본기간 중의 보통예금통장상의 입금내역을 모집단으로 하여 표본수에 해당하는 표본을 추출한다. 2. 보통예금통장상의 입금내역과 매출채권 회수 관련 회계전표의 거래처, 입금액이 일치하는지 확인한다. 3. 해당 입금된 금액과 관련한 매출채권 계상전표를 징구하여 매출채권계상액과 입금액이 일치하는지를 확인하고, 차이가 발생한 경우에는 차이내역에 대해 문의한다. | BG54: 경영지원팀 자금전결권자 | BH54: RCM상 '관련 정책 및 문서'를 확인한 결과 통제활동은 해당 정책과 연계되어 있음을 확인함. | BI54: RCM상 기재된 관련 통제위험을 감소시킬수 있도록 통제가 효과적으로 설계 되었음 | BJ54: 예외사항은 해당 통제의 수행시 오류가 발생할 경우로 정의하며, 추가절차를 위해 별도로 설정한 threshold는 없으며, 예외사항 발생시 즉시 추가적인 절차를 취하도록 설계됨. | BK54: 통제를 수행하는데 사용된 정보에 대한 컨트롤이 적절히 수행되고 있음. | BL54: 해당 사업연도 초에 통제가 설계되었으며, 설계이후 해당 통제의 수행기간은 충분하다고 판단됨. | BM54: 업무경험과 교육이수 등을 고려할 때 통제 수행자의 적격성은 충분함 | BN54: 본 통제활동에서 다루는 입금의 반제처리는 거래의 연간 발생 빈도 및 중요도를 고려하여 주기를 D로 설정하였으며 통제 수행빈도는 해당 위험의 적시 예방 적발을 위해 적절하다고 판단됨. | BO54: 해당 통제와 관련한 중요한 위험인 [대금의 입금은 정당한 절차를 거쳐 이루어지고, 입금내역은 적시에 적절한 회계계정으로 기록되어야 한다. ]에 대해 완전히 고려되고 있음. | BQ54: O | BS54: O | BW54: 입금관련 업무분장 및 채권의 회수관리 | BX54: [현황] 자금 담당자는 매출발생시 전표처리를 실시하고, 매출채권 입금시에는 통장에서 입금내역(입금자, 입금액, 입금일자)을 확인하고, 직접 입금처리를 실시하는 한편, 월별로 거래처별 채권리스트를 작성하여 영업부서에 전달하고 있음. . 자금담당자는 통장별로 입금과 출금, 잔액을 확인할 수 있으나 동 거래내역을 근거로 즉시 전표처리를 실시하지 않으며, 일부 채권에 대해서는 월차 결산시에 일괄하여 전표처리를 실시함. [잠재적위험] 실질적인 매출채권의 관리부서인 영업부서가 아닌 경영지원팀에서 매출의 회계처리, 채권의 관리 및 입금에 대한 회계처리를 실시하고 있음에 따라, 매출계상 및 입금내역에 대한 부적절한 회계처리가 발생할 가능성이 있으며, 업무분장의 관점에서 적절하지 않음. 또한, 입금과 관련한 회계처리가 즉시 이루어져 관련 회계처리에 대한 검토가 이루어지지 않음에 따라, 회계처리상의 오류를 적시에 발견하지 못할 수 있으며, 거래처의 회수지연 등의 사유에 대해서 지속적인 관리가 이루어지지 않을 수 있음. | BY54: 입금과 관련한 내역을 채권의 관리 담당부서인 영업부서에서 직접 확인하여 회계처리를 실시하고, 경영지원팀에서는 회계처리 및 자금운용 관점에서 이를 검토하도록 업무분장을 구분하는 것이 적절함. 또한, 입금과 관련한 회계처리는 입금 즉시 이루어지는 한편 자금현황에 반영되어 장부상잔액과 자금현황이 일치하는지에 대해 수시로 검토 및 보고하는 프로세스가 구축되어야 함.
A55: 1 | B55: TR | C55: 자금관리 | D55: TR-010 | E55: 입출금관리 | F55: TR-010-20 | G55: TR-010-20-10 | H55: 노정희 | I55: 대금 지급은 승인된 계좌 또는 거래처에 대해서만 이루어져야 한다. | J55: Low | K55: high | L55: Low | M55: Low | N55: Low | O55: LR | P55: 승인되지 않은 거래처 또는 계좌로 대금이 지급될 가능성이 존재함. | Q55: 거래처 계좌 마스터관리 | R55: 거래처 계좌마스터는 접근이 제한되어 있으며, 변경사항에 대하여 승인권자의 승인을 득하여야 한다. | S55: Yes | T55: O | U55: O | V55: O | W55: O | Y55: O | Z55: P | AA55: M | AD55: O | AI55: 현금성자산, 마자급금, 부가세예수금, 당기법인세부채, 미지급비용, 유동성장기부채, 리스부채, 장기차입금 | AJ55: A | AK55: N/A | AL55: 더존 | AM55: N/A | AN55: L | AO55: H | AP55: L | AQ55: L | AR55: L | AS55: H | AT55: L | AU55: L | AV55: Not Higher | AW55: 1. 자금팀담당자는 거래처계좌마스터를 별도로 관리하고 있으며, 거래처 계좌마스터는 자금팀담당자만이 수정할 수 있도록 제한되어 있음. 2. 계좌마스터를 추가 또는 변경사유가 발생하면 현업에서 거래처계좌변경신청서를 작성하는 한편 관련 증빙(사업자등록증사본, 통장사본)을 첨부하여 현업부서장의 승인을 득한 후 자금담당자에게 송부하며, 자금담당자는 변경신청서에 근거하여 거래처계좌마스터를 수정함. 3. 수정된 계좌마스터는 전결권자에 의해 수정의 적절성이 검토되는 한편, 검토 완료 된 계좌마스터는 접근제한 하에 관리가 이루어져 임의수정이 제한됨. | AX55: 1. 자금지출시 자금담당자가 출금결의서를 작성하고 있으며, 출금결의서상 거래처에 대한 계좌정보를 직접 입력함. 2. 거래처에 대한 계좌마스터가 별도로 존재하는 것은 아니며, 기존에 작성된 출금결의서상의 계좌정보를 다시 입력하여 작성하고 있음. 3. 신규거래처에 대해서는 통장사본, 사업자등록증사본을 징구하여 계좌번호를 확인하여 출금결의서를 작성하고 있음. | AZ55: O | BA55: O | BC55: 거래처계좌리스트 | BD55: A | BE55: 1 | BF55: 【문서검사 및 관찰】 1. 거래처계좌리스트를 징구하여 암호가 부여되어 있고, 승인권자 외의 담당자가 임의로 변경하지 못하도록 제한되어 있는지를 관찰한다. 2. 해당기간의 거래처 등록/변경신청서 중 2건을 징구하여 다음을 확인한다. - 현업부서 및 관리부 전결권자의 승인을 득하였는지 여부 - 등록/변경신청서상의 거래처 및 계좌정보와 거래처계좌리스트상의 거래처 및 계좌정보가 상호 일치하는지 여부 | BG55: 경영지원팀 자금전결권자 | BH55: RCM상 '관련 정책 및 문서'를 확인한 결과 통제활동은 해당 정책과 연계되어 있음을 확인함. | BI55: RCM상 기재된 관련 통제위험을 감소시킬수 있도록 통제가 효과적으로 설계 되었음 | BJ55: 예외사항은 해당 통제의 수행시 오류가 발생할 경우로 정의하며, 추가절차를 위해 별도로 설정한 threshold는 없으며, 예외사항 발생시 즉시 추가적인 절차를 취하도록 설계됨. | BK55: 통제를 수행하는데 사용된 정보에 대한 컨트롤이 적절히 수행되고 있음. | BL55: 해당 사업연도 초에 통제가 설계되었으며, 설계이후 해당 통제의 수행기간은 충분하다고 판단됨. | BM55: 업무경험과 교육이수 등을 고려할 때 통제 수행자의 적격성은 충분함 | BN55: 본 통제활동에서 다루는 거래처 계좌 마스터관리는 거래의 연간 발생 빈도 및 중요도를 고려하여 주기를 A로 설정하였으며 통제 수행빈도는 해당 위험의 적시 예방 적발을 위해 적절하다고 판단됨. | BO55: 해당 통제와 관련한 중요한 위험인 [대금 지급은 승인된 계좌 또는 거래처에 대해서만 이루어져야 한다. ]에 대해 완전히 고려되고 있음. | BQ55: O | BS55: O | BW55: 거래처 계좌관리 및 지출절차의 통제 | BX55: [현황] 거래처의 계좌정보를 포함한 거래처 마스터에 대한 관리가 이루어지지 않음에 따라, 거래처마스터의 등록, 변경 등과 관련한 승인 및 적절한 등록 및 변경여부에 대한 내부검토절차가 존재하지 않음. 이체리스트 및 인터넷뱅킹을 통한 자금이체에 있어 자금담당자가 과거 지출내역에 근거하여 직접 거래처 계좌정보를 입력하고 있으며, 동 입력되는 계좌정보가 사전에 승인 및 검토된 계좌정보와 일치하는지를 검토 및 승인하는 절차 등이 존재하지 않음. [잠재적위험] 자금의 지출에 있어 사전에 승인 및 검토된 계좌로만 이체할 수 있도록 내부통제를 구비하지 않을 경우, 부당한 자금의 지출 등을 예방 혹은 적시에 발견하지 못할 가능성이 존재함. 또한, 이체파일 및 인터넷뱅킹에 의한 지급에 있어 계좌정보 등을 담당자가 직접 입력하는 방식 하에서는 동일 거래처에 대한 이중 지출, 승인받지 않은 자금의 지출 등이 발생할 가능성이 존재함. | BY55: 자금지출과 관련하여 부당한 자금지출이 이루어지지 않도록 다음과 같은 내부통제절차를 구비 및 개선해야함. ① 거래처 마스터를 관리하고, 관련 거래처 마스터의 임의 입력, 수정 및 접근제한 절차를 수립하는 한편, 관련 마스터의 변경과 관련한 내부프로세스(거래처 신규/변경 의뢰서의 작성 및 승인, 승인된 거래처정보의 적절한 입력 및 변경여부에 대한 검토 등)를 구비하여야함. 또한, 정해진 담당자 이외의 자가 관련 거래처마스터에 접근하지 못하도록 제한해야함. ② 현행 자금담당자가 임의로 거래처정보(거래처명 및 계좌정보)를 입력하지 못하도록 다음과 같은 내부통제 프로세스를 구비하여야함. - 인터넷뱅킹을 통한 자금이체는 직접입력이 아닌 자금이체파일을 통해서만 이루어지도록 제한. - 자금이체파일을 자금담당자가 아닌 타인이 작성하도록 하고(가급적 시스템 산출정보), 관련 이체파일을 자금담당자가 검토를 할 수 있는 권한만 부여(수정입력제한) - 자금이체파일상의 지급정보가 실제 사전에 승인받은 지급액 및 거래처 마스터 등과 일치하는지에 대한 상위권자의 검토
A56: 5 | B56: TR | C56: 자금관리 | D56: TR-010 | E56: 입출금관리 | F56: TR-010-20 | G56: TR-010-20-20 | H56: 채새롬 | I56: 대금 지급은 승인된 계좌 또는 거래처에 대해서만 이루어져야 한다. | J56: Low | K56: high | L56: Low | M56: Low | N56: Low | O56: LR | P56: 승인되지 않은 거래처 또는 계좌로 대금이 지급될 가능성이 존재함. | Q56: 자금 관련 지정계좌로의 입출통제 | R56: 자금의 출금은 사전에 승인된 계좌에 대해서만 이루어져야 한다. | S56: Yes | T56: O | U56: O | W56: O | X56: O | Y56: O | Z56: P | AA56: M | AB56: O | AC56: O | AD56: O | AI56: 현금성자산, 마자급금, 부가세예수금, 당기법인세부채, 미지급비용, 유동성장기부채, 리스부채, 장기차입금 | AJ56: W | AK56: N/A | AL56: 더존 | AM56: N/A | AN56: L | AO56: H | AP56: H | AQ56: H | AR56: L | AS56: H | AT56: L | AU56: L | AV56: Higher | AW56: 1. 자금팀 담당자는 결산결과에 따른 미지급리스트를 근거로 월간지출계획서를 2026년에 작성 할 예정이며, 지출계획서상에는 각 거래처별 결제일에 근거한 자금지출계획, 차입금에 대한 상환 및 이자지급계획이 포함됨. 2. 지출계획에 따른 자금지출일에 자금담당자는 출금결의서를 작성하고 있음. 출금결의서상에는 거래처, 지급금액, 거래처은행 및 계좌번호, 예금주가 기재되어 있음. 출금결의서의 작성에 있어 거래처 및 지급금액은 승인완료된 미지급금에 근거하며, 지출결의서 등 사전 승인여부를 재확인함. 거래처에 대한 계좌정보(은행, 예금주, 계좌번호)는 별도로 관리되고 있는 계좌마스터상의 계좌정보에 근거하여 작성이 이루어짐. 3. 또한, 출금결의서의 작성에 있어 이체리스트를 별도로 작성하고 있으며, 이체리스트에는 패스워드를 설정하여 추후 임의적인 수정을 제한함. 4. 작성된 출금결의서, 이체리스트 및 관련 증빙(승인된 지출결의서, 회계상의 미지급금리스트, 영수증 등 증빙)에 대해 전결권자의 승인을 득한 후 이후 출금절차를 진행함. | AX56: 1. 별도의 일별자금지출계획서 등은 작성되지 않으며, 정기결제일 및 필요에 따라 자금담당자가 자금지출일에 출금결의서를 작성하고 있음. 2. 자금지출시 자금담당자가 출금결의서를 작성하고 있으며, 출금결의서상 거래처에 대한 계좌정보를 직접 입력함. 3. 출금결의서는 관련 증빙(사전에 승인이 완료된 지출결의서, 카드사용내역, 관련 증빙)과 함께 CFO로부터의 승인을 득하고 있음. 4. CFO는 승인 후 직접 인터넷뱅킹을 통해 자금지출 절차를 진행함. | AZ56: O | BA56: O | BC56: 출금결의서, 미지급리스트, 이체파일, 거래처계좌리스트 | BD56: A | BE56: 5 | BF56: 【문서검사 및 관찰】 1. 표본기간 중의 출금결의서를 모집단으로 하여 표본수에 해당하는 표본을 추출하여 다음을 확인한다. - 미지급금리스트를 징구하여 출금결의서상 자금지출내역이 미지급금리스트와 일치하는지 확인한다. - 이체파일을 징구하여 이체파일과 출금결의서가 일치하는지 확인한다. - 거래처계좌리스트를 징구하여 출금결의서, 이체파일상의 거래처계좌가 거래처계좌리스트와 일치하는지 확인한다. - 출금결의서 및 이체파일에 대해 전결권자의 승인을 득하였는지 확인한다. | BG56: 경영지원팀 자금전결권자 | BH56: RCM상 '관련 정책 및 문서'를 확인한 결과 통제활동은 해당 정책과 연계되어 있음을 확인함. | BI56: RCM상 기재된 관련 통제위험을 감소시킬수 있도록 통제가 효과적으로 설계 되었음 | BJ56: 예외사항은 해당 통제의 수행시 오류가 발생할 경우로 정의하며, 추가절차를 위해 별도로 설정한 threshold는 없으며, 예외사항 발생시 즉시 추가적인 절차를 취하도록 설계됨. | BK56: 통제를 수행하는데 사용된 정보에 대한 컨트롤이 적절히 수행되고 있음. | BL56: 해당 사업연도 초에 통제가 설계되었으며, 설계이후 해당 통제의 수행기간은 충분하다고 판단됨. | BM56: 업무경험과 교육이수 등을 고려할 때 통제 수행자의 적격성은 충분함 | BN56: 본 통제활동에서 다루는 자금 관련 지정계좌로의 입출통제는 거래의 연간 발생 빈도 및 중요도를 고려하여 주기를 W로 설정하였으며 통제 수행빈도는 해당 위험의 적시 예방 적발을 위해 적절하다고 판단됨. | BO56: 해당 통제와 관련한 중요한 위험인 [대금 지급은 승인된 계좌 또는 거래처에 대해서만 이루어져야 한다. ]에 대해 완전히 고려되고 있음. | BQ56: O | BS56: O | BW56: 거래처 계좌관리 및 지출절차의 통제 | BX56: [현황] 거래처의 계좌정보를 포함한 거래처 마스터에 대한 관리가 이루어지지 않음에 따라, 거래처마스터의 등록, 변경 등과 관련한 승인 및 적절한 등록 및 변경여부에 대한 내부검토절차가 존재하지 않음. 이체리스트 및 인터넷뱅킹을 통한 자금이체에 있어 자금담당자가 과거 지출내역에 근거하여 직접 거래처 계좌정보를 입력하고 있으며, 동 입력되는 계좌정보가 사전에 승인 및 검토된 계좌정보와 일치하는지를 검토 및 승인하는 절차 등이 존재하지 않음. [잠재적위험] 자금의 지출에 있어 사전에 승인 및 검토된 계좌로만 이체할 수 있도록 내부통제를 구비하지 않을 경우, 부당한 자금의 지출 등을 예방 혹은 적시에 발견하지 못할 가능성이 존재함. 또한, 이체파일 및 인터넷뱅킹에 의한 지급에 있어 계좌정보 등을 담당자가 직접 입력하는 방식 하에서는 동일 거래처에 대한 이중 지출, 승인받지 않은 자금의 지출 등이 발생할 가능성이 존재함. | BY56: 자금지출과 관련하여 부당한 자금지출이 이루어지지 않도록 다음과 같은 내부통제절차를 구비 및 개선해야함. ① 거래처 마스터를 관리하고, 관련 거래처 마스터의 임의 입력, 수정 및 접근제한 절차를 수립하는 한편, 관련 마스터의 변경과 관련한 내부프로세스(거래처 신규/변경 의뢰서의 작성 및 승인, 승인된 거래처정보의 적절한 입력 및 변경여부에 대한 검토 등)를 구비하여야함. 또한, 정해진 담당자 이외의 자가 관련 거래처마스터에 접근하지 못하도록 제한해야함. ② 현행 자금담당자가 임의로 거래처정보(거래처명 및 계좌정보)를 입력하지 못하도록 다음과 같은 내부통제 프로세스를 구비하여야함. - 인터넷뱅킹을 통한 자금이체는 직접입력이 아닌 자금이체파일을 통해서만 이루어지도록 제한. - 자금이체파일을 자금담당자가 아닌 타인이 작성하도록 하고(가급적 시스템 산출정보), 관련 이체파일을 자금담당자가 검토를 할 수 있는 권한만 부여(수정입력제한) - 자금이체파일상의 지급정보가 실제 사전에 승인받은 지급액 및 거래처 마스터 등과 일치하는지에 대한 상위권자의 검토
A57: 1 | B57: TR | C57: 자금관리 | D57: TR-010 | E57: 입출금관리 | F57: TR-010-20 | G57: TR-010-20-30 | H57: 채새롬 | I57: 대금 지급은 승인된 계좌 또는 거래처에 대해서만 이루어져야 한다. | J57: Low | K57: high | L57: Low | M57: Low | N57: Low | O57: LR | P57: 승인되지 않은 거래처 또는 계좌로 대금이 지급될 가능성이 존재함. | Q57: 인터넷뱅킹의 이중보안 | R57: 지급 관련하여 인터넷 뱅킹을 사용할 경우, 모든 거래에 대하여 이중승인을 득한 후 이루어진다. | S57: Yes | T57: O | U57: O | V57: O | Y57: O | Z57: P | AA57: M | AB57: O | AC57: O | AD57: O | AI57: 현금성자산 | AJ57: A | AK57: N/A | AL57: N/A | AM57: N/A | AN57: L | AO57: H | AP57: H | AQ57: H | AR57: L | AS57: H | AT57: L | AU57: L | AV57: Higher | AW57: 1. 자금담당자는 출금결의서의 승인을 득한 후 이체리스트의 업로드를 통해 인터넷뱅킹상 이체등록을 실시함. 이체등록 후 전결권자는 인터넷뱅킹에 로그인한 후 이체 패스워드를 입력하는 한편, 보안카드 암호를 입력하여 최종 자금지출을 승인함. 2. 회사의 모든 계좌와 관련한 인터넷뱅킹은 이중으로 보안되어 있으며, 모든 이체 건에 대하여 이중승인을 득하여만 자금의 지급이 이루어지도록 되어 있음. 3. 최종 승인자는 동 승인에 있어 결제내역 및 출금결의서상의 승인내역과의 비교를 통한 검토를 수행하고 있음. | AX57: 1. CFO가 직접 인터넷뱅킹을 통한 지급, 급여관련 이체리스트의 은행 송부를 진행하고 있음. 2. 자금지출절차를 CFO 1인이 수행함에 따라 별도의 인터넷뱅킹에 대한 2중 통제는 이루어지지 않음. | BA57: O | BB57: O | BC57: N/A | BD57: A | BE57: 1 | BF57: 【재수행 및 문서검사】 1. 인터넷 뱅킹화면을 조회하고, 담당자의 ID 및 PASSWORD, 보안카드를 입수하여, 담당자 1인의 ID 및 PASSWORD, 보안카드만으로 자금의 이체가 이루어지는지를 재수행한다. 2. 인터넷뱅킹과 관련한 ID 및 PASSWORD는 2인에 의해 나누어 관리되고 있는지에 대해서 확인한다. 3. 표본기간 중 특정일의 자금이체내역을 징구하여 승인받은 출금결의서, 이체리스트와 출금내역이 일치(거래처, 금액, 계좌번호)하는지를 확인한다. | BG57: 경영지원팀 자금전결권자 | BH57: RCM상 '관련 정책 및 문서'를 확인한 결과 통제활동은 해당 정책과 연계되어 있음을 확인함. | BI57: RCM상 기재된 관련 통제위험을 감소시킬수 있도록 통제가 효과적으로 설계 되었음 | BJ57: 예외사항은 해당 통제의 수행시 오류가 발생할 경우로 정의하며, 추가절차를 위해 별도로 설정한 threshold는 없으며, 예외사항 발생시 즉시 추가적인 절차를 취하도록 설계됨. | BK57: 통제를 수행하는데 사용된 정보에 대한 컨트롤이 적절히 수행되고 있음. | BL57: 해당 사업연도 초에 통제가 설계되었으며, 설계이후 해당 통제의 수행기간은 충분하다고 판단됨. | BM57: 업무경험과 교육이수 등을 고려할 때 통제 수행자의 적격성은 충분함 | BN57: 본 통제활동에서 다루는 인터넷뱅킹의 이중보안는 거래의 연간 발생 빈도 및 중요도를 고려하여 주기를 A로 설정하였으며 통제 수행빈도는 해당 위험의 적시 예방 적발을 위해 적절하다고 판단됨. | BO57: 해당 통제와 관련한 중요한 위험인 [대금 지급은 승인된 계좌 또는 거래처에 대해서만 이루어져야 한다. ]에 대해 완전히 고려되고 있음. | BQ57: O | BS57: O | BW57: 인터넷 뱅킹의 이중관리 절차 | BX57: [현황] 회사는 모든 거래은행에 대한 인터넷뱅킹을 사용하고 있으나, 패스워드의 이중관리가 이루어지지 않음. 또한 인터넷뱅킹과 관련한 패스워드 및 OTP카드를 자금담당자 1인이 직접 관리하고 있음에 따라 적절한 이중지급절차가 이루어지고 있지 않음. [잠재적위험] 인터넷뱅킹에 대한 2중관리가 이루어지지 않음에 따라 승인받지 않은 자금의 출금이 임의적으로 발생할 수 있으며, 부당한 자금의 사용을 적시에 발견하지 못할 가능성이 존재함. | BY57: 인터넷 뱅킹과 관련하여 2중의 담당자 승인권한을 부여하고, 이에 대한 통제를 실시하여 예기치 못한 자금의 사용을 방지하도록 해야함.
A58: 5 | B58: TR | C58: 자금관리 | D58: TR-010 | E58: 입출금관리 | F58: TR-010-30 | G58: TR-010-30-10 | H58: 채새롬 | I58: 대금 지급은 정확하고 적시에 이루어져야 하고 적정하게 기입되어야 한다. | J58: Low | K58: high | L58: Low | M58: Low | N58: Low | O58: LR | P58: 대금 지급이 과다 또는 과소하게 이루어지거나, 완전하게 이루어지지 않아 거래처와의 대금 지급 기일을 준수하지 못할 수 있으며, 대금 지급을 적시에 처리하지 않거나 누락하여, 거래처와의 분쟁 및 부채가 과대 계상될 가능성이 존재함. | Q58: 대금 지급에 대한 전표 처리 | R58: 대금지급 내역은 누락없이 회계전표에 기록되어 총계정원장에 반영되어야 한다. | S58: Yes | T58: O | U58: O | X58: O | Y58: O | Z58: P | AA58: M | AB58: O | AC58: O | AD58: O | AF58: O | AG58: O | AI58: 현금성자산, 마자급금, 부가세예수금, 당기법인세부채, 미지급비용, 유동성장기부채, 리스부채, 장기차입금 | AJ58: W | AK58: N/A | AL58: 더존 | AM58: N/A | AN58: L | AO58: H | AP58: H | AQ58: L | AR58: L | AS58: L | AT58: L | AU58: L | AV58: Not Higher | AW58: 1. 자금지출이 완료된 경우 경영지원팀 자금담당자가 지출내역에 근거하여 회계전표를 작성하고 있음. 2. 자금지출내역을 출금전표, 자금일계표 및 관련 증빙과 함께 전결권자의 검토 및 승인을 득함. | AX58: 1. 자금지출이 완료된 경우 경영지원팀 자금담당자가 지출내역에 근거하여 회계전표를 작성하고 있음. 2. 전표의 작성은 별도의 작성기한 없이 이루어지고 있으며, 자금지출 전표에 대한 별도의 검토 및 승인절차가 존재하지 않음. | BA58: O | BC58: 자금지출전표, 자금지출내역, 자금일계표 | BD58: A | BE58: 5 | BF58: 【문서검사】 1. 표본기간 중 보통예금통장의 자금지출내역을 모집단으로 하여 표본수에 해당하는 표본을 추출하여 다음을 확인한다. - 통장상의 출금일, 출금액과 출금전표상의 출금일, 출금액이 일치하는지 여부 - 출금전표에 대하여 전결권자의 승인을 득하였는지 여부 - 출금내역이 자금일계표에 적절히 기재되어 승인을 득하였는지 여부 | BG58: 경영지원팀 자금전결권자 | BH58: RCM상 '관련 정책 및 문서'를 확인한 결과 통제활동은 해당 정책과 연계되어 있음을 확인함. | BI58: RCM상 기재된 관련 통제위험을 감소시킬수 있도록 통제가 효과적으로 설계 되었음 | BJ58: 예외사항은 해당 통제의 수행시 오류가 발생할 경우로 정의하며, 추가절차를 위해 별도로 설정한 threshold는 없으며, 예외사항 발생시 즉시 추가적인 절차를 취하도록 설계됨. | BK58: 통제를 수행하는데 사용된 정보에 대한 컨트롤이 적절히 수행되고 있음. | BL58: 해당 사업연도 초에 통제가 설계되었으며, 설계이후 해당 통제의 수행기간은 충분하다고 판단됨. | BM58: 업무경험과 교육이수 등을 고려할 때 통제 수행자의 적격성은 충분함 | BN58: 본 통제활동에서 다루는 대금 지급에 대한 전표 처리는 거래의 연간 발생 빈도 및 중요도를 고려하여 주기를 W로 설정하였으며 통제 수행빈도는 해당 위험의 적시 예방 적발을 위해 적절하다고 판단됨. | BO58: 해당 통제와 관련한 중요한 위험인 [대금 지급은 정확하고 적시에 이루어져야 하고 적정하게 기입되어야 한다. ]에 대해 완전히 고려되고 있음. | BQ58: O | BS58: O | BW58: 자금관련 일마감절차의 수립 | BX58: [현황] 회사는 자금과 관련한 별도의 마감절차를 구비하고 있지 않음에 따라, 입금 및 출금과 관련한 회계처리가 즉시 이루어지지 않고 있음. 또한, 자금에 대한 일마감절차가 존재하지 않으며, 별도의 자금일계표 등의 작성 및 검토가 수행되지 아니함. [잠재적 위험] 대금의 수취 및 대금의 지급에 대한 회계처리가 적시에 이루어지지 않고, 자금현황에 대한 보고가 수시로 이루어지지 않아 자금과 관련하여 발생할 수 있는 오류 및 부정을 적시에 발견하지 못할 가능성이 존재함. | BY58: 자금의 유용 등을 사전에 방지하고 적시에 발견할 수 있도록 다음을 포함한 자금의 일마감절차를 수립해야함. - 자금과 관련한 입금 및 출금전표는 거래발생 즉시 작성 및 검토가 이루어질 수 있도록 해야함. - 자금의 입금 및 출금, 회사가 보유한 자금(은행별/금융상품별예금, 현금시재액)을 포함한 일계표를 작성하여 일계표에 대한 일별 보고 및 승인절차를 구비해야함. - 일계표상의 금융상품 잔액이 회계상의 잔액과 일치하는 지에 대해 수시로 확인이루어져야하며, 정기적으로 각 은행별 계좌잔고증명서를 수취하여 회계상의 금융상품잔액, 일계표상의 금융상품잔액과 일치하는지 확인하고 검토, 승인하는 절차를 구비해야함.
A59: 2 | B59: TR | C59: 자금관리 | D59: TR-010 | E59: 입출금관리 | F59: TR-010-40 | G59: TR-010-40-10 | H59: 이단비 | I59: 자금은 수립된 자금계획에 따라 운영되어야 한다. | J59: Low | K59: high | L59: Low | M59: Low | N59: Low | O59: LR | P59: 자금계획에 명시되지 않은 중요한 자금유출입으로 인하여 자금부족 및 잉여자금이 발생할 가능성이 존재함. | Q59: 일자금계획의 수행 및 일자금수지의 검토 | R59: 일자금수지(매일의 현금시재 포함) 는 검토되며, 전결권자의 승인을 득한다. | S59: Yes | T59: O | U59: O | X59: O | Y59: O | Z59: P | AA59: M | AB59: O | AC59: O | AD59: O | AG59: O | AI59: 현금성자산 | AJ59: M | AK59: N/A | AL59: 더존 | AM59: N/A | AN59: L | AO59: H | AP59: H | AQ59: L | AR59: L | AS59: L | AT59: L | AU59: L | AV59: Not Higher | AW59: 1. 자금담당자는 입금 및 출금과 관련한 처리에 근거하여 자금주계표를 작성하고 있음. 자금일계표상에는 일별 자금수지(입금 및 출금내역), 회사가 보유하는 자금(은행별/계좌별 예금잔액)이 기재되어 관리됨 2. 자금담당자는 작성된 자금주계표상의 자금현황과 회계장부상의 잔액이 일치하는지를 확인함. 3. 작성된 주계표는 경영지원실 전결권자 까지 보고가 이루어지며, 검토 및 승인을 득하여 관리됨. 4. 월별로 자금담당자는 각 은행별/계좌별 잔고증명서를 수취하여 주계표, 회계장부상의 잔액과 일치하는지를 확인하고, 확인내역에 대해 전결권자의 검토 및 승인을 득함. | AX59: 1. 일자금수지 및 보유하는 계좌잔고, 현금시재에 대해 보고하는 별도의 절차를 구비하지 않음 2. 월별로 각 은행별/계좌별 잔고와 회계장부상의 잔액이 일치하는지를 CFO가 검토하고 있으나 별도의 보고 및 문서화가 이루어지지 않음. | BA59: O | BC59: 자금일계표, 통장잔고증명서 | BD59: A | BE59: 2 | BF59: 【문서검사】 1. 표본기간 중 해당월의 마지막날 자금일계표를 모집단으로 하여 표본수에 해당하는 표본을 추출하여 다음을 확인한다. - 일계표상의 시재와 회계상의 시재가 일치하는지 여부 - 일계표에 대해 적절한 승인권자의 승인을 득하고 보관되는지 여부 - 일계표상의 시재와 당일 은행으로부터의 잔고증명서상의 잔액이 일치하는지 여부 - 일계표잔액과 잔고증명서상 잔액의 일치여부에 대해 전결권자의 승인 및 검토를 득하였는지 여부 | BG59: 경영지원팀 자금전결권자 | BH59: RCM상 '관련 정책 및 문서'를 확인한 결과 통제활동은 해당 정책과 연계되어 있음을 확인함. | BI59: RCM상 기재된 관련 통제위험을 감소시킬수 있도록 통제가 효과적으로 설계 되었음 | BJ59: 예외사항은 해당 통제의 수행시 오류가 발생할 경우로 정의하며, 추가절차를 위해 별도로 설정한 threshold는 없으며, 예외사항 발생시 즉시 추가적인 절차를 취하도록 설계됨. | BK59: 통제를 수행하는데 사용된 정보에 대한 컨트롤이 적절히 수행되고 있음. | BL59: 해당 사업연도 초에 통제가 설계되었으며, 설계이후 해당 통제의 수행기간은 충분하다고 판단됨. | BM59: 업무경험과 교육이수 등을 고려할 때 통제 수행자의 적격성은 충분함 | BN59: 본 통제활동에서 다루는 일자금계획의 수행 및 일자금수지의 검토는 거래의 연간 발생 빈도 및 중요도를 고려하여 주기를 M로 설정하였으며 통제 수행빈도는 해당 위험의 적시 예방 적발을 위해 적절하다고 판단됨. | BO59: 해당 통제와 관련한 중요한 위험인 [자금은 수립된 자금계획에 따라 운영되어야 한다. ]에 대해 완전히 고려되고 있음. | BQ59: O | BS59: O | BW59: 자금관련 일마감절차의 수립 | BX59: [현황] 회사는 자금과 관련한 별도의 마감절차를 구비하고 있지 않음에 따라, 입금 및 출금과 관련한 회계처리가 즉시 이루어지지 않고 있음. 또한, 자금에 대한 일마감절차가 존재하지 않으며, 별도의 자금일계표 등의 작성 및 검토가 수행되지 아니함. [잠재적 위험] 대금의 수취 및 대금의 지급에 대한 회계처리가 적시에 이루어지지 않고, 자금현황에 대한 보고가 수시로 이루어지지 않아 자금과 관련하여 발생할 수 있는 오류 및 부정을 적시에 발견하지 못할 가능성이 존재함. | BY59: 자금의 유용 등을 사전에 방지하고 적시에 발견할 수 있도록 다음을 포함한 자금의 일마감절차를 수립해야함. - 자금과 관련한 입금 및 출금전표는 거래발생 즉시 작성 및 검토가 이루어질 수 있도록 해야함. - 자금의 입금 및 출금, 회사가 보유한 자금(은행별/금융상품별예금, 현금시재액)을 포함한 일계표를 작성하여 일계표에 대한 일별 보고 및 승인절차를 구비해야함. - 일계표상의 금융상품 잔액이 회계상의 잔액과 일치하는 지에 대해 수시로 확인이루어져야하며, 정기적으로 각 은행별 계좌잔고증명서를 수취하여 회계상의 금융상품잔액, 일계표상의 금융상품잔액과 일치하는지 확인하고 검토, 승인하는 절차를 구비해야함.
A60: 2 | B60: TR | C60: 자금관리 | D60: TR-020 | E60: 투자자산관리 | F60: TR-020-10 | G60: TR-020-10-10 | H60: 채새롬 | I60: 투자자산의 거래내역 (예: 취득, 처분 등)은 정확히 기록되어야 한다. | J60: high | K60: Low | L60: Low | M60: Low | N60: Low | O60: LR | P60: 투자자산의 거래에 대한 기록상의 오류로 인하여 재무제표에 표시되는 투자자산계정이 왜곡될 가능성이 존재함. | Q60: 금융상품 취득 거래에 대한 승인 | R60: 투자자산(금융상품 등)의 취득은 사전에 정해진 자금운용 지침에 따라 이루어지며, 상위권자의 승인을 득한다. | S60: Yes | T60: O | U60: O | Y60: O | Z60: P | AA60: M | AB60: O | AD60: O | AF60: O | AI60: 현금성자산, 단기금융상품, 당기손익공정가치측정금융자산, 기타포괄손익공정가치측정금융자산 | AJ60: Q | AK60: N/A | AL60: 더존 | AM60: N/A | AN60: L | AO60: H | AP60: H | AQ60: L | AR60: L | AS60: L | AT60: L | AU60: L | AV60: Not Higher | AW60: 1. 회사는 자금운용지침을 2026년 재정하여, 여유자금의 운용방식에 대해서 사전에 정의할 예정임. 2. 자금운용지침상 상위권자 승인항목에 해당하는 경우에는 관련 투자에 대한 기안서를 작성하여 상위권자 혹은 투자심의위원회의 승인을 득한 후 자금의 집행 등을 수행하는 한편, 이를 근거로 회계처리를 실시하고 있음. 3. 작성된 회계전표에 대해서 전결권자가 검토 및 승인을 실시함. | AX60: 1. 금융상품의 투자와 관련하여 별도의 규정화된 지침은 존재하지 않으며, CFO가 대표이사에게 구두로 보고하여 관련 투자를 수행하고 있음. 2. 투자가 완료된 경우 관련 계약 및 증빙에 근거하여 경영지원팀담당자가 회계전표를 작성함. | BA60: O | BC60: 자금운용지침, 기안서, 회계전표 | BD60: A | BE60: 2 | BF60: 【문서검사】 1. 표본기간 중 금융상품 회계원장(장단기금융상품, 당기손익공정가치측정금융자산, 기타포괄손익공정가치측정금융상품)상 금융상품 취득내역을 모집단으로 하여 표본수에 해당하는 표본을 추출하여 다음을 확인한다. - 취득 관련 기안서가 작성되어 승인권자의 승인을 득하였는지 여부 - 기안서가 작성되지 않았을 경우 자금운용 지침에 따라 기안서 작성의 생략이 적절한지 여부 - 해당 회계전표를 징구하여 투자내역과 전표가 일치하는지, 회계전표에 대해 전결권자의 승인을 득하였는지 여부 | BG60: 경영지원팀 자금전결권자 | BH60: RCM상 '관련 정책 및 문서'를 확인한 결과 통제활동은 해당 정책과 연계되어 있음을 확인함. | BI60: RCM상 기재된 관련 통제위험을 감소시킬수 있도록 통제가 효과적으로 설계 되었음 | BJ60: 예외사항은 해당 통제의 수행시 오류가 발생할 경우로 정의하며, 추가절차를 위해 별도로 설정한 threshold는 없으며, 예외사항 발생시 즉시 추가적인 절차를 취하도록 설계됨. | BK60: 통제를 수행하는데 사용된 정보에 대한 컨트롤이 적절히 수행되고 있음. | BL60: 해당 사업연도 초에 통제가 설계되었으며, 설계이후 해당 통제의 수행기간은 충분하다고 판단됨. | BM60: 업무경험과 교육이수 등을 고려할 때 통제 수행자의 적격성은 충분함 | BN60: 본 통제활동에서 다루는 금융상품 취득 거래에 대한 승인는 거래의 연간 발생 빈도 및 중요도를 고려하여 주기를 Q로 설정하였으며 통제 수행빈도는 해당 위험의 적시 예방 적발을 위해 적절하다고 판단됨. | BO60: 해당 통제와 관련한 중요한 위험인 [투자자산의 거래내역 (예: 취득, 처분 등)은 정확히 기록되어야 한다. ]에 대해 완전히 고려되고 있음. | BQ60: O | BS60: O | BW60: 자금운용 규정 혹은 지침의 수립 | BX60: [현황] 회사는 정기적금 및 정기예금, 금융상품에 대한 투자 및 처분을 수행하고 있으나, 관련 투자에 있어 사전에 품의 등을 수행하지 않으며, 투자 등과 관련하여 명문화된 지침 혹은 규정이 존재하지 않음. [잠재적위험] 사전에 정해진 규정 및 지침이 없이 담당자의 자의적 판단에 따라 자금이 운용될 경우, 회사 자산의 부당한 유출이 일어날 가능성 및 자금운용과 관련된 손실이 발생할 가능성이 존재함. 품의 없이 투자가 가능한 금융상품 등에 대한 명문화된 지침이 없을 경우 자금운영에 대한 근거가 미약하여, 추후 문제가 발생시 책임소재가 불분명해짐. | BY60: [개선방안] 금융상품에 대한 투자 및 처분에 있어서도 사전에 별도 품의 등을 통해 이루어지도록 해야함. 자금의 투자 및 처분과 관련하여 규정 혹은 지침 등을 수립하고, 관리자는 회사의 투자자산이 해당 규정 혹은 지침에 의해 정당하게 투자 및 처분이 이루어지고 있는지 주기적으로 검토하여야 함.
A61: 2 | B61: TR | C61: 자금관리 | D61: TR-020 | E61: 투자자산관리 | F61: TR-020-10 | G61: TR-020-10-20 | H61: 채새롬 | I61: 투자자산의 거래내역 (예: 취득, 처분 등)은 정확히 기록되어야 한다. | J61: high | K61: Low | L61: Low | M61: Low | N61: Low | O61: LR | P61: 투자자산의 거래에 대한 기록상의 오류로 인하여 재무제표에 표시되는 투자자산계정이 왜곡될 가능성이 존재함. | Q61: 금융상품 처분 거래에 대한 승인 | R61: 투자자산(금융상품 등)의 처분과 관련한 회계처리는 적시에 이루어지고 전결권자의 승인을 득한다. | S61: Yes | T61: O | U61: O | Y61: O | Z61: P | AA61: M | AB61: O | AD61: O | AF61: O | AI61: 현금성자산, 단기금융상품, 당기손익공정가치측정금융자산, 기타포괄손익공정가치측정금융자산 | AJ61: Q | AK61: N/A | AL61: 더존 | AM61: N/A | AN61: L | AO61: H | AP61: H | AQ61: L | AR61: L | AS61: L | AT61: L | AU61: L | AV61: Not Higher | AW61: 1. 금융상품의 처분사유가 발생할 경우 자금담당자는 관련 처분에 대한 기안서를 작성하여 전결권자의 승인을 득함. 2. 금융상품의 처분이 완료된 경우 자금담당자는 처분과 관련한 증빙 및 입금내역에 근거하여 회계전표를 작성함. 3. 작성된 회계전표에 대해서 전결권자가 검토 및 승인을 실시함. | AX61: 1. 금융상품의 처분이 발생할 경우 자금담당자는 처분과 관련한 증빙 및 입금내역에 근거하여 회계전표를 작성함. | BA61: O | BC61: 기안서, 회계전표 | BD61: A | BE61: 2 | BF61: 【문서검사】 1. 표본기간 중 금융상품 회계원장(장단기금융상품, 당기손익공정가치측정금융자산, 기타포괄손익공정가치측정금융상품)상 금융상품 취득내역을 모집단으로 하여 표본수에 해당하는 표본을 추출하여 다음을 확인한다. - 처분 관련 기안서가 작성되어 승인권자의 승인을 득하였는지 여부 - 기안서가 작성되지 않았을 경우 자금운용 지침에 따라 기안서 작성의 생략이 적절한지 여부 - 해당 회계전표를 징구하여 처분내역과 전표가 일치하는지, 회계전표에 대해 전결권자의 승인을 득하였는지 여부 | BG61: 경영지원팀 자금전결권자 | BH61: RCM상 '관련 정책 및 문서'를 확인한 결과 통제활동은 해당 정책과 연계되어 있음을 확인함. | BI61: RCM상 기재된 관련 통제위험을 감소시킬수 있도록 통제가 효과적으로 설계 되었음 | BJ61: 예외사항은 해당 통제의 수행시 오류가 발생할 경우로 정의하며, 추가절차를 위해 별도로 설정한 threshold는 없으며, 예외사항 발생시 즉시 추가적인 절차를 취하도록 설계됨. | BK61: 통제를 수행하는데 사용된 정보에 대한 컨트롤이 적절히 수행되고 있음. | BL61: 해당 사업연도 초에 통제가 설계되었으며, 설계이후 해당 통제의 수행기간은 충분하다고 판단됨. | BM61: 업무경험과 교육이수 등을 고려할 때 통제 수행자의 적격성은 충분함 | BN61: 본 통제활동에서 다루는 금융상품 처분 거래에 대한 승인는 거래의 연간 발생 빈도 및 중요도를 고려하여 주기를 Q로 설정하였으며 통제 수행빈도는 해당 위험의 적시 예방 적발을 위해 적절하다고 판단됨. | BO61: 해당 통제와 관련한 중요한 위험인 [투자자산의 거래내역 (예: 취득, 처분 등)은 정확히 기록되어야 한다. ]에 대해 완전히 고려되고 있음. | BQ61: O | BS61: O | BW61: 자금운용 규정 혹은 지침의 수립 | BX61: [현황] 회사는 정기적금 및 정기예금, 금융상품에 대한 투자 및 처분을 수행하고 있으나, 관련 투자에 있어 사전에 품의 등을 수행하지 않으며, 투자 등과 관련하여 명문화된 지침 혹은 규정이 존재하지 않음. [잠재적위험] 사전에 정해진 규정 및 지침이 없이 담당자의 자의적 판단에 따라 자금이 운용될 경우, 회사 자산의 부당한 유출이 일어날 가능성 및 자금운용과 관련된 손실이 발생할 가능성이 존재함. 품의 없이 투자가 가능한 금융상품 등에 대한 명문화된 지침이 없을 경우 자금운영에 대한 근거가 미약하여, 추후 문제가 발생시 책임소재가 불분명해짐. | BY61: [개선방안] 금융상품에 대한 투자 및 처분에 있어서도 사전에 별도 품의 등을 통해 이루어지도록 해야함. 자금의 투자 및 처분과 관련하여 규정 혹은 지침 등을 수립하고, 관리자는 회사의 투자자산이 해당 규정 혹은 지침에 의해 정당하게 투자 및 처분이 이루어지고 있는지 주기적으로 검토하여야 함.
A62: 2 | B62: TR | C62: 자금관리 | D62: TR-020 | E62: 투자자산관리 | F62: TR-020-20 | G62: TR-020-20-10 | H62: 이단비 | I62: 이자수익의 계산 및 회계처리가 누락없이 적절히 수행되어야 한다. | J62: high | K62: Low | L62: Low | M62: Low | N62: Low | O62: LR | P62: 금융상품의 이자수익은 정확하게 기표된다. | Q62: 이자수익 회계처리의 검토 및 승인 | R62: 전결권자는 금융상품 매입금액, 이자율, 만기일, 평가 등의 내역을 확인후 이자수익 전표를 승인한다. | S62: Yes | T62: O | U62: O | W62: O | X62: O | Y62: O | Z62: P | AA62: M | AB62: O | AC62: O | AD62: O | AE62: O | AF62: O | AG62: O | AH62: O | AI62: 미수수익, 이자수익 | AJ62: Q | AK62: Y | AL62: 더존 | AM62: 미수수익계산파일 | AN62: H | AO62: L | AP62: L | AQ62: L | AR62: L | AS62: L | AT62: L | AU62: L | AV62: Not Higher | AW62: 1. 이자입금시 자금담당자는 입금관련 전표를 작성하여 입금증빙과 함께 전결권자의 승인을 득함. 2. 자금담당자는 결산시점에 장단기 금융상품 내역과 이자관련 정보(이자율, 최종이자수령일 등)를 토대로 미수이자를 계산하고 미수이자 전표를 작성함 전결권자는 담당자가 계산한 미수이자 계산내역이 다음의 관점에서 올바른지 확인하고 이를 승인함. - 장단기금융상품 불입금액이 결산일 현재 존재하는 장단기금융상품 잔액과 일치하는지를 확인 - 미수수익 계산에 사용된 이자율, 불입일, 만기일이 계상서상의 내역과 일치하는지를 확인 - 계산에 있어 사용된 로직의 변경사항이 존재하는지와 산출된 계산내액이 적절한지를 확인함. | AX62: 1. 이자입금시 자금담당자는 입금관련 전표를 작성함. 2. 결산시점에 별도의 미수이자를 계상하지 않고, 감사시 관련 미수수익에 대한 계상을 수행함. | BA62: O | BC62: 미수수익계산파일, 회계전표 | BD62: A | BE62: 2 | BF62: 【문서검사】 1. 표본기간 중 미수수익계상관련 회계전표를 모집단으로 하여 표본수에 해당하는 표본을 추출하여 다음을 확인한다. - 미수수익계산파일상의 미수수익계산내역과 회계전표가 일치하는지를 확인한다. - 미수수익계산파일 및 회계전표는 전결권자의 승인을 득하였는지 확인한다. | BG62: 경영지원팀 자금전결권자 | BH62: RCM상 '관련 정책 및 문서'를 확인한 결과 통제활동은 해당 정책과 연계되어 있음을 확인함. | BI62: RCM상 기재된 관련 통제위험을 감소시킬수 있도록 통제가 효과적으로 설계 되었음 | BJ62: 예외사항은 해당 통제의 수행시 오류가 발생할 경우로 정의하며, 추가절차를 위해 별도로 설정한 threshold는 없으며, 예외사항 발생시 즉시 추가적인 절차를 취하도록 설계됨. | BK62: 통제를 수행하는데 사용된 정보에 대한 컨트롤이 적절히 수행되고 있음. | BL62: 해당 사업연도 초에 통제가 설계되었으며, 설계이후 해당 통제의 수행기간은 충분하다고 판단됨. | BM62: 업무경험과 교육이수 등을 고려할 때 통제 수행자의 적격성은 충분함 | BN62: 본 통제활동에서 다루는 이자수익 회계처리의 검토 및 승인는 거래의 연간 발생 빈도 및 중요도를 고려하여 주기를 Q로 설정하였으며 통제 수행빈도는 해당 위험의 적시 예방 적발을 위해 적절하다고 판단됨. | BO62: 해당 통제와 관련한 중요한 위험인 [이자수익의 계산 및 회계처리가 누락없이 적절히 수행되어야 한다. ]에 대해 완전히 고려되고 있음. | BQ62: O | BS62: O | BW62: 미수이자 및 미지급이자, 금융상품 평가와 관련한 결산회계처리 | BX62: [현황] 정기예금등과 관련한 미수수익 및 차입금과 관련한 미지급이자, 금융상품과 관련한 평가를 결산에 있어 반영하지 않고, 감사인의 수정에 의존하고 있음. 또한, 금융상품 주석작성과 관련한 별도의 통제절차 구비하고 있지 않음. [잠재적위험] 미수이자 및 미지급이자, 금융상품평가에 대한 결산분개 누락으로 인해 재무제표가 왜곡표시될 가능성 및 감사인의 독립성 저해와 관련한 문제가 발생할 가능성이 존재함. | BY62: [개선방안] 결산시점에 미수수익 및 미지급이자를 계산하고, 금융기관에서 수령한 금융상품별 평가내역서에 근거한 금융상품 평가를 실시하여 전표에 반영하고, 관련 결산사항의 적절성에 대해 검토하여 승인하는 프로세스를 구비해야함. 또한, 분기별로 금융상품과 관련한 주석작성을 수행하고, 해당 주석내용의 적절성에 대해 내부적으로 보고 및 검토하는 절차를 수립해야함.
A63: 2 | B63: TR | C63: 자금관리 | D63: TR-020 | E63: 투자자산관리 | F63: TR-020-30 | G63: TR-020-30-10 | H63: 이단비 | I63: 금융상품의 평가는 누락없이 적절하게 수행되어야 한다. | J63: high | K63: Low | L63: high | M63: Low | N63: Low | O63: HR | P63: 금융상품의 평가는 정확하기 기표된다. | Q63: 금융상품 평가 회계처리의 검토 및 승인 | R63: 전결권자는 금융상품 관련 평가내역의 적절성을 검토한 후 금융상품 평가관련 전표를 승인한다. | S63: Yes | T63: O | U63: O | W63: O | X63: O | Y63: O | Z63: P | AA63: M | AB63: O | AC63: O | AD63: O | AE63: O | AF63: O | AH63: O | AI63: 현금성자산, 단기금융상품, 당기손익공정가치측정금융자산, 기타포괄손익공정가치측정금융자산, 당기손익공정가치측정금융자산평가손익, 기타포괄손익공정가치측정금융자산평가손익 | AJ63: Q | AK63: Y | AL63: 더존 | AM63: 금융상품평가파일 | AN63: H | AO63: L | AP63: H | AQ63: H | AR63: L | AS63: L | AT63: L | AU63: L | AV63: Not Higher | AW63: 1. 결산시점에 각 금융상품별로 금융기관으로 부터 평가내역서를 징구하여 장부금액과 일치여부를 확인함. 2. 자금담당자는 금융상품 평가파일을 작성하고 동 평가파일 근거하여 금융상품의 평가와 관련한 회계전표를 작성함. 3. 작성된 전표에 금융기관에서 조회된 평가내역서, 금융상품평가표를 첨부하여 전결권자에게 보고 및 승인을 득함. 4. 전결권자는 담당자가 계산한 금융상품평가파일이 다음의 관점에서 올바른지 확인하고 이를 승인함. - 금융상품 잔고금액이 결산일 현재 존재하는 금융상품잔고금액과 일치하는지 확인하여 평가대상 금융자산의 누락이 있는지를 확인함. - 금융상품평가액이 금융기관으로부터의 평가내역과 일치하는지를 확인하고, 평가전금액이 평가반영전 회계장부상의 금융상품잔액과 일치하는지를 확인함. - 계산에 있어 사용된 로직의 변경사항이 존재하는지와 산출된 계산내액이 적절한지를 확인함. | AX63: 1. 결산시점에 각 금융상품별로 금융기관으로 부터 평가내역서를 징구하여 장부금액과 일치여부를 확인함. 2. 평가내역과와 장부금액의 차이에 대해서 별도의 회계처리를 수행하지 않고, 감사결과에 근거하여 관련 평가내역에 대한 전표처리를 실시함. | BA63: O | BC63: 금융상품평가파일, 회계전표 | BD63: A | BE63: 2 | BF63: 【문서검사】 1. 표본기간 중 금융상품 평가관련 회계전표를 모집단으로 하여 표본수에 해당하는 표본을 추출하여 다음을 확인한다. - 금융상품평가파일상의 금융상품평가손익과 회계전표가 일치하는지를 확인한다. - 금융상품평가파일 및 회계전표는 전결권자의 승인을 득하였는지 확인한다. | BG63: 경영지원팀 자금전결권자 | BH63: RCM상 '관련 정책 및 문서'를 확인한 결과 통제활동은 해당 정책과 연계되어 있음을 확인함. | BI63: RCM상 기재된 관련 통제위험을 감소시킬수 있도록 통제가 효과적으로 설계 되었음 | BJ63: 예외사항은 해당 통제의 수행시 오류가 발생할 경우로 정의하며, 추가절차를 위해 별도로 설정한 threshold는 없으며, 예외사항 발생시 즉시 추가적인 절차를 취하도록 설계됨. | BK63: 통제를 수행하는데 사용된 정보에 대한 컨트롤이 적절히 수행되고 있음. | BL63: 해당 사업연도 초에 통제가 설계되었으며, 설계이후 해당 통제의 수행기간은 충분하다고 판단됨. | BM63: 업무경험과 교육이수 등을 고려할 때 통제 수행자의 적격성은 충분함 | BN63: 본 통제활동에서 다루는 금융상품 평가 회계처리의 검토 및 승인는 거래의 연간 발생 빈도 및 중요도를 고려하여 주기를 Q로 설정하였으며 통제 수행빈도는 해당 위험의 적시 예방 적발을 위해 적절하다고 판단됨. | BO63: 해당 통제와 관련한 중요한 위험인 [금융상품의 평가는 누락없이 적절하게 수행되어야 한다. ]에 대해 완전히 고려되고 있음. | BQ63: O | BS63: O | BW63: 미수이자 및 미지급이자, 금융상품 평가와 관련한 결산회계처리 | BX63: [현황] 정기예금등과 관련한 미수수익 및 차입금과 관련한 미지급이자, 금융상품과 관련한 평가를 결산에 있어 반영하지 않고, 감사인의 수정에 의존하고 있음. 또한, 금융상품 주석작성과 관련한 별도의 통제절차 구비하고 있지 않음. [잠재적위험] 미수이자 및 미지급이자, 금융상품평가에 대한 결산분개 누락으로 인해 재무제표가 왜곡표시될 가능성 및 감사인의 독립성 저해와 관련한 문제가 발생할 가능성이 존재함. | BY63: [개선방안] 결산시점에 미수수익 및 미지급이자를 계산하고, 금융기관에서 수령한 금융상품별 평가내역서에 근거한 금융상품 평가를 실시하여 전표에 반영하고, 관련 결산사항의 적절성에 대해 검토하여 승인하는 프로세스를 구비해야함. 또한, 분기별로 금융상품과 관련한 주석작성을 수행하고, 해당 주석내용의 적절성에 대해 내부적으로 보고 및 검토하는 절차를 수립해야함.
A64: 2 | B64: TR | C64: 자금관리 | D64: TR-020 | E64: 투자자산관리 | F64: TR-020-40 | G64: TR-020-40-10 | H64: 이단비 | I64: 금융상품 관련 주석공시사항은 누락없이 정확해야 한다. | J64: high | K64: Low | L64: Low | M64: Low | N64: Low | O64: LR | P64: 금융상품관련 주석은 정확하게 기재된다. | Q64: 금융상품관련 주석의 검토 및 승인 | R64: 전결권자는 금융상품 관련 주석공시사항을 금융상품약정서 및 장부금액 등과 대사하여 적절한지 확인하고 승인한다. | S64: Yes | T64: O | U64: O | W64: O | X64: O | Y64: O | Z64: P | AA64: M | AB64: O | AC64: O | AD64: O | AE64: O | AF64: O | AH64: O | AI64: 금융위험관리 주석 | AJ64: Q | AK64: N/A | AL64: N/A | AM64: N/A | AN64: H | AO64: L | AP64: H | AQ64: H | AR64: L | AS64: L | AT64: L | AU64: L | AV64: Not Higher | AW64: 1. 분기별로 자금담당자는 회사가 보유한 금융상품에 근거하여 주석작성을 위한 주석파일을 작성하는 한편, 동 파일에 근거하여 주석사항을 기재함. 2. 작성된 주석에 금융상품보유 및 평가내역을 첨부하여 전결권자로부터의 검토 및 승인을 득함. | AX64: 1. IFRS도입 후 금융상품 주석작성과 관련한 별도의 통제절차 존재하지 않음. | BA64: O | BC64: 금융상품주석 | BD64: A | BE64: 2 | BF64: 【문서검사】 1. 표본기간 중 사업보고서상의 금융상품주석을 모집단으로 하여 표본수에 해당하는 표본을 추출하여 다음을 확인한다. - 금융상품주석작성을 위한 별도의 주석파일이 작성되어 있으며, 주석파일의 내역과 금융상품주석이 일치하는지여부 - 금융상품주석파일에 대해 전결권자의 승인을 득하였는지 여부 | BG64: 경영지원팀 자금전결권자 | BH64: RCM상 '관련 정책 및 문서'를 확인한 결과 통제활동은 해당 정책과 연계되어 있음을 확인함. | BI64: RCM상 기재된 관련 통제위험을 감소시킬수 있도록 통제가 효과적으로 설계 되었음 | BJ64: 예외사항은 해당 통제의 수행시 오류가 발생할 경우로 정의하며, 추가절차를 위해 별도로 설정한 threshold는 없으며, 예외사항 발생시 즉시 추가적인 절차를 취하도록 설계됨. | BK64: 통제를 수행하는데 사용된 정보에 대한 컨트롤이 적절히 수행되고 있음. | BL64: 해당 사업연도 초에 통제가 설계되었으며, 설계이후 해당 통제의 수행기간은 충분하다고 판단됨. | BM64: 업무경험과 교육이수 등을 고려할 때 통제 수행자의 적격성은 충분함 | BN64: 본 통제활동에서 다루는 금융상품관련 주석의 검토 및 승인는 거래의 연간 발생 빈도 및 중요도를 고려하여 주기를 Q로 설정하였으며 통제 수행빈도는 해당 위험의 적시 예방 적발을 위해 적절하다고 판단됨. | BO64: 해당 통제와 관련한 중요한 위험인 [금융상품 관련 주석공시사항은 누락없이 정확해야 한다. ]에 대해 완전히 고려되고 있음. | BQ64: O | BS64: O | BW64: 미수이자 및 미지급이자, 금융상품 평가와 관련한 결산회계처리 | BX64: [현황] 정기예금등과 관련한 미수수익 및 차입금과 관련한 미지급이자, 금융상품과 관련한 평가를 결산에 있어 반영하지 않고, 감사인의 수정에 의존하고 있음. 또한, 금융상품 주석작성과 관련한 별도의 통제절차 구비하고 있지 않음. [잠재적위험] 미수이자 및 미지급이자, 금융상품평가에 대한 결산분개 누락으로 인해 재무제표가 왜곡표시될 가능성 및 감사인의 독립성 저해와 관련한 문제가 발생할 가능성이 존재함. | BY64: [개선방안] 결산시점에 미수수익 및 미지급이자를 계산하고, 금융기관에서 수령한 금융상품별 평가내역서에 근거한 금융상품 평가를 실시하여 전표에 반영하고, 관련 결산사항의 적절성에 대해 검토하여 승인하는 프로세스를 구비해야함. 또한, 분기별로 금융상품과 관련한 주석작성을 수행하고, 해당 주석내용의 적절성에 대해 내부적으로 보고 및 검토하는 절차를 수립해야함.
A65: 1 | B65: TR | C65: 자금관리 | D65: TR-030 | E65: 차입금 관리 | F65: TR-030-10 | G65: TR-030-10-10 | H65: 노정희 | I65: 모든 차입금은 누락없이 정확하고 완전하게 기록되어야 한다. | J65: Low | K65: Low | L65: Low | M65: Low | N65: Low | O65: LR | P65: 차입금 관련 거래가 정확히 적시에 기록되지 못함으로 인하여 재무제표가 왜곡 표시될 가능성이 존재함. | Q65: 차입금의 기록과 승인절차 | R65: 차입금거래는 전결권자의 승인을 득하고, 관련 증빙을 근거로 기록된다. | S65: Yes | T65: O | U65: O | X65: O | Z65: P | AA65: M | AC65: O | AD65: O | AF65: O | AI65: 유동성장기부채, 장기차입금, 리스부채 | AJ65: A | AK65: N/A | AL65: 더존 | AM65: N/A | AN65: L | AO65: L | AP65: L | AQ65: L | AR65: L | AS65: L | AT65: L | AU65: L | AV65: Not Higher | AW65: 1. 회사는 1건의 자금차입을 실시하고 있으며, 자금의 차입은 기안서 및 이사회 결의를 통해 승인을 득하고 있음. 2. 자금의 차입시에 자금담당자는 관련 차입계약을 체결하기 위하여 인감의 사용 관련 서류의 준비 등을 수행하고 있으며, 자금입금시에 자금담당자는 관련 입금내역을 확인 후 입금전표를 작성하여 승인을 득하고 있음. 3, 자금담당자는 차입금상환스케쥴에 근거하여 상환기일 도래시 해당 금액을 출금결의서에 기재하여 승인을 득하고 있으며, 승인에 근거하여 자금지출 및 전표작성을 수행함. | AX65: 1. 회사는 1건의 자금차입을 실시하고 있으며, 자금의 차입은 기안서 및 이사회 결의를 통해 승인을 득하고 있음. 2. 자금의 차입시에 자금담당자는 관련 차입계약을 체결하기 위하여 인감의 사용 관련 서류의 준비 등을 수행하고 있으며, 자금입금시에 자금담당자는 관련 입금내역을 확인 후 입금전표를 작성하여 승인을 득하고 있음. 3, 자금담당자는 차입금상환스케쥴에 근거하여 상환기일 도래시 해당 금액을 출금결의서에 기재하여 승인을 득하고 있으며, 승인에 근거하여 자금지출 및 전표작성을 수행함. | BA65: O | BC65: 차입금전표, 기안서 | BD65: A | BE65: 1 | BF65: 【문서검사】 1. 표본기간 중 장단기 차입금원장의 신규차입내역을 모집단으로 하여 표본수에 해당하는 표본을 추출하여 다음사항을 확인한다. -차입기안서가 적절한 전결권자의 승인을 받았는지 및 이사회결의가 존재하는지 여부 -통장상의 원금입금일자와 회계전표상의 일자가 일치하는지 여부 -차입계약서상과 통장상의 입금액이 전표와 일치하는지 여부 -전결권자가 전표를 승인하였는지 여부 2. 표본기간 중 장단기 차입금원장의 상환내역을 모집단으로 하여 표본수에 해당하는 표본을 추출하여 다음사항을 확인한다. -지출결의서상의 승인내역과 회계전표가 일치하는지 여부 -통장상의 자금출금일자와 회계전표상의 일자가 일치하는지 여부 -전결권자가 전표를 승인하였는지 여부 | BG65: 경영지원팀 자금전결권자 | BH65: RCM상 '관련 정책 및 문서'를 확인한 결과 통제활동은 해당 정책과 연계되어 있음을 확인함. | BI65: RCM상 기재된 관련 통제위험을 감소시킬수 있도록 통제가 효과적으로 설계 되었음 | BJ65: 예외사항은 해당 통제의 수행시 오류가 발생할 경우로 정의하며, 추가절차를 위해 별도로 설정한 threshold는 없으며, 예외사항 발생시 즉시 추가적인 절차를 취하도록 설계됨. | BK65: 통제를 수행하는데 사용된 정보에 대한 컨트롤이 적절히 수행되고 있음. | BL65: 해당 사업연도 초에 통제가 설계되었으며, 설계이후 해당 통제의 수행기간은 충분하다고 판단됨. | BM65: 업무경험과 교육이수 등을 고려할 때 통제 수행자의 적격성은 충분함 | BN65: 본 통제활동에서 다루는 차입금의 기록과 승인절차는 거래의 연간 발생 빈도 및 중요도를 고려하여 주기를 A로 설정하였으며 통제 수행빈도는 해당 위험의 적시 예방 적발을 위해 적절하다고 판단됨. | BO65: 해당 통제와 관련한 중요한 위험인 [모든 차입금은 누락없이 정확하고 완전하게 기록되어야 한다. ]에 대해 완전히 고려되고 있음. | BQ65: O | BS65: O
A66: 2 | B66: TR | C66: 자금관리 | D66: TR-030 | E66: 차입금 관리 | F66: TR-030-20 | G66: TR-030-20-10 | H66: 채새롬 | I66: 모든 이자비용은 정확히 계산되어 검토 후 지급되어야 한다. | J66: Low | K66: Low | L66: Low | M66: Low | N66: Low | O66: LR | P66: 이자비용의 지급시, 지급액에 대한 검토가 없을 경우 과다한 이자지급 및 이자비용의 누락가능성이 존재함. | Q66: 이자비용 회계처리의 검토 및 승인 | R66: 전결권자는 차입계약서 및 차입금 발행금액, 이자율, 만기일, 평가 등의 내역을 확인후 이자비용 전표를 승인한다. | S66: Yes | T66: O | U66: O | W66: O | X66: O | Y66: O | Z66: P | AA66: M | AB66: O | AC66: O | AD66: O | AE66: O | AF66: O | AG66: O | AH66: O | AI66: 미지급비용, 이자비용 | AJ66: Q | AK66: Y | AL66: 더존 | AM66: 미지급이자계산파일 | AN66: H | AO66: L | AP66: L | AQ66: L | AR66: L | AS66: L | AT66: L | AU66: L | AV66: Not Higher | AW66: 1. 자금담당자는 차입금상환스케쥴에 근거한 이자지급시점에 출금결의서를 작성하여 승인을 득하고 있으며, 승인내역에 근거하여 자금지출 및 전표처리를 실시함. 2. 자금담당자는 결산시점에 차입금 내역과 이자관련 정보(이자율, 최종이자지급일 등)를 토대로 미지급이자를 계산하고 미지급이자 전표를 작성함 전결권자는 담당자가 계산한 미지급이자 계산내역이 다음의 관점에서 올바른지 확인하고 이를 승인함. - 차입금잔액이 결산일 현재 존재하는 차입금 잔액과 일치하는지를 확인 - 미지급이자 계산에 사용된 이자율, 차입일, 만기일이 계상서상의 내역과 일치하는지를 확인 - 계산에 있어 사용된 로직의 변경사항이 존재하는지와 산출된 계산내액이 적절한지를 확인함. | AX66: 1. 자금담당자는 차입금상환스케쥴에 근거한 이자지급시점에 출금결의서를 작성하여 승인을 득하고 있으며, 승인내역에 근거하여 자금지출 및 전표처리를 실시함. 2. 결산시점에 별도의 미지급이자를 계상하지 않고, 감사시 관련 미지급이자에 대한 계상을 수행함. | BA66: O | BC66: 미지급이자계산파일, 회계전표 | BD66: A | BE66: 2 | BF66: 【문서검사】 1. 표본기간 중 미지급이자계상관련 회계전표를 모집단으로 하여 표본수에 해당하는 표본을 추출하여 다음을 확인한다. - 미지급이자계산파일상의 미지급이자계산내역과 회계전표가 일치하는지를 확인한다. - 미지급이자계산파일 및 회계전표는 전결권자의 승인을 득하였는지 확인한다. | BG66: 경영지원팀 자금전결권자 | BH66: RCM상 '관련 정책 및 문서'를 확인한 결과 통제활동은 해당 정책과 연계되어 있음을 확인함. | BI66: RCM상 기재된 관련 통제위험을 감소시킬수 있도록 통제가 효과적으로 설계 되었음 | BJ66: 예외사항은 해당 통제의 수행시 오류가 발생할 경우로 정의하며, 추가절차를 위해 별도로 설정한 threshold는 없으며, 예외사항 발생시 즉시 추가적인 절차를 취하도록 설계됨. | BK66: 통제를 수행하는데 사용된 정보에 대한 컨트롤이 적절히 수행되고 있음. | BL66: 해당 사업연도 초에 통제가 설계되었으며, 설계이후 해당 통제의 수행기간은 충분하다고 판단됨. | BM66: 업무경험과 교육이수 등을 고려할 때 통제 수행자의 적격성은 충분함 | BN66: 본 통제활동에서 다루는 이자비용 회계처리의 검토 및 승인는 거래의 연간 발생 빈도 및 중요도를 고려하여 주기를 Q로 설정하였으며 통제 수행빈도는 해당 위험의 적시 예방 적발을 위해 적절하다고 판단됨. | BO66: 해당 통제와 관련한 중요한 위험인 [모든 이자비용은 정확히 계산되어 검토 후 지급되어야 한다. ]에 대해 완전히 고려되고 있음. | BQ66: O | BS66: O | BW66: 미수이자 및 미지급이자, 금융상품 평가와 관련한 결산회계처리 | BX66: [현황] 정기예금등과 관련한 미수수익 및 차입금과 관련한 미지급이자, 금융상품과 관련한 평가를 결산에 있어 반영하지 않고, 감사인의 수정에 의존하고 있음. 또한, 금융상품 주석작성과 관련한 별도의 통제절차 구비하고 있지 않음. [잠재적위험] 미수이자 및 미지급이자, 금융상품평가에 대한 결산분개 누락으로 인해 재무제표가 왜곡표시될 가능성 및 감사인의 독립성 저해와 관련한 문제가 발생할 가능성이 존재함. | BY66: [개선방안] 결산시점에 미수수익 및 미지급이자를 계산하고, 금융기관에서 수령한 금융상품별 평가내역서에 근거한 금융상품 평가를 실시하여 전표에 반영하고, 관련 결산사항의 적절성에 대해 검토하여 승인하는 프로세스를 구비해야함. 또한, 분기별로 금융상품과 관련한 주석작성을 수행하고, 해당 주석내용의 적절성에 대해 내부적으로 보고 및 검토하는 절차를 수립해야함.
A67: 2 | B67: HR | C67: 급여 및 인사관리 | D67: HR-010 | E67: 직원의 채용 | F67: HR-010-20 | G67: HR-010-20-10 | H67: 유헌종 | I67: 실질적으로 근무하는 직원만 인사급여 인사기록카드에 추가하여야 한다. | J67: Low | K67: high | L67: Low | M67: Low | N67: Low | O67: LR | P67: 가공의 직원이 인사급여 인사기록카드에 등록될 위험. | Q67: 모든 신규채용인원에 대한 인사기록카드 등록 | R67: 신규채용 임직원은 인사발령 후 누락 없이 정확하게 인사기록카드에 등록되며 등록된 인사정보는 입력의 정확성에 대하여 제3자에 의해 모니터링 되어야 한다. | S67: Yes | U67: O | W67: O | X67: O | Z67: P | AA67: M | AB67: O | AC67: O | AG67: O | AI67: 급여, 복리후생비,경상연구개발비, 미지급비용 | AJ67: Q | AK67: N/A | AL67: 더존 | AM67: N/A | AN67: L | AO67: L | AP67: L | AQ67: L | AR67: L | AS67: H | AT67: L | AU67: L | AV67: Not Higher | AW67: 1. 대표이사 승인 후 인사담당자는 합격자에게 통지를 실시하고, 합격자로부터 인적사항과 관련한 자료(등본, 졸업증명서, 성적증명서, 자격증사본, 병력증명서)를 수취함. 2. 입사자에 대해 관련 자료를 수취한 이후 계약서의 체결 및 비밀유지서약/모성보호법에 의한 시간외근무동으서/개인정보보안/윤리강령에 대한 서약을 득하고 있음. 3. 인사담당자는 제반서류에 근거하여 인사기록카드를 작성하고 있으며 수령한 자료와 함께 철하여 보관하고 있음. 4. 인사담당자는 더존의 인사마스터상 관련 일반 내역(성명/가족관계/연락처)을 입력하고 있으며, 인사전결권자가 해당 입력내역의 적절성을 검토하는 한편 근로계약서상의 급여관련 정보 등 인사마스터의 최종내역을 입력하고 있음. | AX67: 1. 대표이사 승인 후 인사담당자는 합격자에게 통지를 실시하고, 합격자로부터 인적사항과 관련한 자료(등본, 졸업증명서, 성적증명서, 자격증사본, 병력증명서)를 수취함. 2. 입사자에 대해 관련 자료를 수취한 이후 계약서의 체결 및 비밀유지서약/모성보호법에 의한 시간외근무동의서/개인정보보안/윤리강령에 대한 서약을 득하고 있음. 3. 인사담당자는 제반서류에 근거하여 인사기록카드를 작성하고 있으며 수령한 자료와 함께 철하여 보관하고 있음. 4. 인사담당자는 더존의 인사마스터상 관련 일반 내역(성명/가족관계/연락처)을 입력하고 있으며, 인사전결권자가 해당 입력내역의 적절성을 검토하는 한편 근로계약서상의 급여관련 정보 등 인사마스터의 최종내역을 입력하고 있음. | BA67: O | BC67: 신규입사자리스트, 인사기록카드, 입사구비서류, 근로계약서 | BD67: A | BE67: 2 | BF67: 【문서검사】 1. 표본기간 중의 신규입사자리스트를 모집단으로 하여 표본수에 해당하는 표본을 추출한다. 2. 신규입사자의 인사기록카드, 입사구비서류(등본, 졸업증명서, 성적증명서, 자격증사본, 병력증명서)를 징구하여 인사기록카드의 내용의 관련 구비서류의 내용과 일치하는지 확인한다. 3. 신규입사자의 근로계약서를 징구하여 더존상의 급여정보와 일치하는지를 확인한다. | BG67: 경영지원팀 인사전결권자 | BH67: RCM상 '관련 정책 및 문서'를 확인한 결과 통제활동은 해당 정책과 연계되어 있음을 확인함. | BI67: RCM상 기재된 관련 통제위험을 감소시킬수 있도록 통제가 효과적으로 설계 되었음 | BJ67: 예외사항은 해당 통제의 수행시 오류가 발생할 경우로 정의하며, 추가절차를 위해 별도로 설정한 threshold는 없으며, 예외사항 발생시 즉시 추가적인 절차를 취하도록 설계됨. | BK67: 통제를 수행하는데 사용된 정보에 대한 컨트롤이 적절히 수행되고 있음. | BL67: 해당 사업연도 초에 통제가 설계되었으며, 설계이후 해당 통제의 수행기간은 충분하다고 판단됨. | BM67: 업무경험과 교육이수 등을 고려할 때 통제 수행자의 적격성은 충분함 | BN67: 본 통제활동에서 다루는 모든 신규채용인원에 대한 인사기록카드 등록는 거래의 연간 발생 빈도 및 중요도를 고려하여 주기를 Q로 설정하였으며 통제 수행빈도는 해당 위험의 적시 예방 적발을 위해 적절하다고 판단됨. | BO67: 해당 통제와 관련한 중요한 위험인 [실질적으로 근무하는 직원만 인사급여 인사기록카드에 추가하여야 한다. ]에 대해 완전히 고려되고 있음. | BQ67: O | BS67: O
A68: 2 | B68: HR | C68: 급여 및 인사관리 | D68: HR-020 | E68: 급여 계산 및 지급 | F68: HR-020-10 | G68: HR-020-10-10 | H68: 노정희 | I68: 급여는 완전하고 정확하게 계산되어야 하며, 급여계산 결과는 승인권자의 승인을 득한 후 입력되어야 한다. | J68: Low | K68: high | L68: Low | M68: Low | N68: Low | O68: LR | P68: 급여계산의 정확성에 대한 검증절차 및 계산결과에 대한 전결권자의 승인절차가 없을 경우, 잘못 계산된 급여가 적시에 수정되지 못할 위험. | Q68: 급여계산의 승인 | R68: 계산된 급여, 송금파일, 전표 등 급여관련 문서는 적절한 전결권자의 승인을 득하여야 한다. | S68: Yes | T68: O | U68: O | W68: O | X68: O | Z68: P | AA68: M | AC68: O | AD68: O | AF68: O | AI68: 급여, 복리후생비,경상연구개발비, 미지급비용 | AJ68: M | AK68: N/A | AL68: 더존 | AM68: N/A | AN68: L | AO68: H | AP68: H | AQ68: L | AR68: L | AS68: H | AT68: L | AU68: L | AV68: Not Higher | AW68: 1. 인사담당자는 매월 인사시스템(더존)을 통해 소득세 및 4대보험 계산 후 급여대장을 작성하고 있음 2. 외부회계법인이 원천세신고를 대행함에 따라 작성된 급여대장을 외부회계법인에게 전달하며, 4대보험과 관련한 전출입 및 변경신고는 노무법인에서 대행하고 있음. 3, 인사담당자는 급여대장을 근거로 급여이체리스트, 급여전표를 작성하며, 작성된 급여대장과 급여이체리스트, 급여관련 전표에 대해서 경영관리팀의 전결권자 및 대표이사는 입력내용의 정확성 등을 검토한 후 승인을 실시함. 4. 승인된 급여대장은 별도로 보관이 이루어지며, 인사담당자는 승인된 이체리스트를 자금담당자에게 전달하고(이체리스트에 대해서는 엑셀 비밀번호 부여), 자금담당자는 이체리스트의 적절성을 검토 후 은행에 송부하여 급여지급절차를 수행함. | AX68: 1. 인사담당자는 매월 인사시스템(더존)을 통해 소득세 및 4대보험 계산 후 급여대장을 작성하고 있으며, 작성된 급여대장에 대해 대표이사의 승인을 득한 후 보관하고 있음. 2. 외부회계법인이 원천세신고를 대행함에 따라 작성된 급여대장을 외부회계법인에게 전달하며, 4대보험과 관련한 전출입 및 변경신고는 노무법인에서 대행하고 있음. 3. 인사담당자는 급여대장을 근거로 급여이체리스트를 작성(더존에서 다운로드 후 조정)하고 있으며, 작성된 급여이체리스트를 은행에 송부하여 급여지급절차를 수행함. 다만, 급여이체리스트상의 정보와 급여대장상의 정보가 일치하는지에 대한 별도의 확인절차는 존재하지 않음. 4. 인사담당자는 급여대장상 총 급여와 관련한 정보를 경영지원팀의 회계담당자에게 전달하고 있으며, 회계담당자는 동 정보에 근거하여 급여와 관련한 전표를 작성함. 5. 다만, 급여관련 전표와 급여대장상의 정보가 일치하는지에 대한 확인과 회계전표에 대한 승인절차는 존재하지 않음 | BA68: O | BC68: 급여대장, 급여전표, 이체리스트 | BD68: A | BE68: 2 | BF68: 【문서검사】 1. 표본기간 중의 급여대장을 모집단으로 하여 표본수에 해당하는 표본을 추출한다. 2. 해당 급여대장, 관련 회계전표, 급여이체리스트에 대해 전결권자의 승인을 득하였는지를 확인한다. 3. 급여대장상의 급여관련 정보와 회계전표상의 급여처리내역이 일치하는지를 확인한다. 4. 급여대장상의 급여지급액과 이체리스트상의 급여지급액이 일치하는지를 확인한다. | BG68: 경영지원팀 인사전결권자 | BH68: RCM상 '관련 정책 및 문서'를 확인한 결과 통제활동은 해당 정책과 연계되어 있음을 확인함. | BI68: RCM상 기재된 관련 통제위험을 감소시킬수 있도록 통제가 효과적으로 설계 되었음 | BJ68: 예외사항은 해당 통제의 수행시 오류가 발생할 경우로 정의하며, 추가절차를 위해 별도로 설정한 threshold는 없으며, 예외사항 발생시 즉시 추가적인 절차를 취하도록 설계됨. | BK68: 통제를 수행하는데 사용된 정보에 대한 컨트롤이 적절히 수행되고 있음. | BL68: 해당 사업연도 초에 통제가 설계되었으며, 설계이후 해당 통제의 수행기간은 충분하다고 판단됨. | BM68: 업무경험과 교육이수 등을 고려할 때 통제 수행자의 적격성은 충분함 | BN68: 본 통제활동에서 다루는 급여계산의 승인는 거래의 연간 발생 빈도 및 중요도를 고려하여 주기를 M로 설정하였으며 통제 수행빈도는 해당 위험의 적시 예방 적발을 위해 적절하다고 판단됨. | BO68: 해당 통제와 관련한 중요한 위험인 [급여는 완전하고 정확하게 계산되어야 하며, 급여계산 결과는 승인권자의 승인을 득한 후 입력되어야 한다. ]에 대해 완전히 고려되고 있음. | BQ68: O | BS68: O | BW68: 급여계산결과에 대한 검토 및 급여지급업무분장 | BX68: [현황] 급여의 계산, 급여와 관련한 이체리스트, 급여대장의 작성을 CFO가 직접 수행하고 있으며, CFO는 작성된 급여대장에 대해서 대표이사의 승인을 득한 후 직접 급여지급처리를 수행하고 있음. [잠재적위험] 급여계산에 있어서의 오류, 급여관련 제반정보(계좌번호 등)의 오류 등을 적시에 발견하지 못하여 잘못된 급여의 지급 및 회계처리가 발생할 위험, 급여의 계산 및 지급이 동일인에 의해 수행되어 급여지급과 관련한 부정이 발생할 위험이 존재 | BY68: 급여를 계산하는 자와 계산된 급여를 실질적으로 검토하는 자를 구분하여 급여계산, 급여대장 및 급여이체리스트 작성과정에서의 오류를 적시에 발견할 수 있도록 업무를 분장해야함. 또한, 급여를 계산하는자가 급여의 지급까지 수행할 경우 임의적인 급여의 지급, 지급계좌의 변경 등을 통한 부정의 발생가능성이 존재함에 따라 급여의 계산 및 지급과 관련한 업무를 다음과 같이 분장해야함. - 급여계산 담당자를 별도로 지정하고, 계산된 급여와 관련한 오류발생 여부에 대해 상위권자가 실질적으로 검토를 수행해야 함. - 급여계산담당자가 급여이체리스트를 작성함에 있어 급여이체리스트상 비밀번호를 설정하고, 동 급여이체리스트를 상위권자가 검토하는 한편 급여의 지급을 담당하는 제3자(자금담당자)가 검토 및 지출을 수행하도록 하여 ,자금의 지출과정에서 임의적인 급여이체리스트의 변형을 방지해야함. - 급여담당자가 급여계산이 완료시 회계전표를 작성하고, 자금담당자가 급여지급시 회계전표를 작성하고, 전결권자가 관련 회계전표에 대한 검토 및 승인절차를 수행하여 급여와 관련한 회계오류에 대해서도 적시발견할 수 있는 절차를 구비해야함.
A69: 2 | B69: HR | C69: 급여 및 인사관리 | D69: HR-020 | E69: 급여 계산 및 지급 | F69: HR-020-10 | G69: HR-020-10-20 | H69: 노정희 | I69: 급여는 완전하고 정확하게 계산되어야 하며, 급여계산 결과는 승인권자의 승인을 득한 후 입력되어야 한다. | J69: high | K69: Low | L69: Low | M69: Low | N69: Low | O69: LR | P69: 급여계산의 정확성에 대한 검증절차 및 계산결과에 대한 전결권자의 승인절차가 없을 경우, 잘못 계산된 급여가 적시에 수정되지 못할 위험. | Q69: 연차충당부채 계산의 검토 | R69: 전결권자는 담당자가 작성한 연차충당부채 회계전표와 첨부된 산정내역 대해 검토 후 승인한다. | S69: Yes | T69: O | U69: O | W69: O | X69: O | Z69: P | AA69: M | AC69: O | AD69: O | AE69: O | AF69: O | AH69: O | AI69: 급여, 경상연구개발비, 미지급비용 | AJ69: Q | AK69: Y | AL69: 더존 | AM69: 연차충당부채계산파일 | AN69: L | AO69: H | AP69: H | AQ69: H | AR69: L | AS69: H | AT69: L | AU69: H | AV69: Higher | AW69: 1. 회사는 연차촉진제를 수행하고 있음에 따라 원칙적으로 미사용연차에 대한 수당을 지급하지 않으나, 미사용분에 대해 50만원을 한도로 1일 7만원의 금액을 기타수당의 명목으로 지급하고 있음. 2. 연차휴가는 인트라원시스템을 통해 신청이 이루어지고 있으며, 해당 팀장이 관련 연차에 대한 승인을 실시함. 3. 분기별 연차사용내역에 대한 관리 및 집계를 수행하고 있음 4. 경영지원팀 인사담당자는 결산시 각 인원별 연차내역 및 급여관련 자료에 근거하여 연차충당부채를 계산하고 있으며, 계산결과에 근거하여 회계전표를 작성함. 작성된 회계전표는 연차충당부채 계산내역과 함께 전결권자의 승인을 득함. 5. 전결권자는 다음의 관점에서 연차충당부채 설정의 적절성에 대한 검토를 실시함 - 연차충당부채 설정대상 인원의 누락이 없는지여부 - 연차충당부채 계산시 사용된 급여와 실제 급여와의 일치여부 - 연차충당부채 계산시 사용된 근속연수의 일치여부 | AX69: 1. 회사는 연차촉진제를 수행하고 있음에 따라 원칙적으로 미사용연차에 대한 수당을 지급하지 않으나, 미사용분에 대해 50만원을 한도로 1일 7만원의 금액을 기타수당의 명목으로 지급하고 있음. 2. 연차휴가는 인트라원시스템을 통해 신청이 이루어지고 있으며, 해당 팀장이 관련 연차에 대한 승인을 실시함. 3. 분기별로 연차사용내역에 대한 관리 및 집계를 수행하고 있음 4. 연차충당부채에 대해 현재는 회사가 직접 회계처리를 수행하지 않고 감사인의 수정을 통해 회계처리가 이루어짐 | BA69: O | BC69: 연차충당부채계산내역, 회계전표 | BD69: A | BE69: 2 | BF69: 【문서검사】 1. 표본기간 중의 연차충당부채 회계전표를 모집단으로 하여 표본수에 해당하는 표본을 추출한다. 2. 해당회계전표상의 회계처리내역과 관련한 연차충당부채 계산내역과 회계처리가 일치하는지를 확인한다. 3. 해당 전표 및 연차충당부채 계산내역에 대한 전결권자의 승인여부를 확인한다. | BG69: 경영지원팀 인사전결권자 | BH69: RCM상 '관련 정책 및 문서'를 확인한 결과 통제활동은 해당 정책과 연계되어 있음을 확인함. | BI69: RCM상 기재된 관련 통제위험을 감소시킬수 있도록 통제가 효과적으로 설계 되었음 | BJ69: 예외사항은 해당 통제의 수행시 오류가 발생할 경우로 정의하며, 추가절차를 위해 별도로 설정한 threshold는 없으며, 예외사항 발생시 즉시 추가적인 절차를 취하도록 설계됨. | BK69: 통제를 수행하는데 사용된 정보에 대한 컨트롤이 적절히 수행되고 있음. | BL69: 해당 사업연도 초에 통제가 설계되었으며, 설계이후 해당 통제의 수행기간은 충분하다고 판단됨. | BM69: 업무경험과 교육이수 등을 고려할 때 통제 수행자의 적격성은 충분함 | BN69: 본 통제활동에서 다루는 연차충당부채 계산의 검토는 거래의 연간 발생 빈도 및 중요도를 고려하여 주기를 Q로 설정하였으며 통제 수행빈도는 해당 위험의 적시 예방 적발을 위해 적절하다고 판단됨. | BO69: 해당 통제와 관련한 중요한 위험인 [급여는 완전하고 정확하게 계산되어야 하며, 급여계산 결과는 승인권자의 승인을 득한 후 입력되어야 한다. ]에 대해 완전히 고려되고 있음. | BQ69: O | BS69: O | BW69: 연차충당부채 및 장기종업원급여의 계상 및 검토 | BX69: [현황] 연차충당부채의 계산 및 관련 회계처리가 감사인의 수정사항을 근거로 이루어지고 있음. 또한, IFRS도입으로 인해 추가로 계상하게된 장기종업원급여와 관련한 내부프로세스의 구축이 필요함. [잠재적위험] 연차충당부채 및 장기종업원급여의 계산 오류로 인해 급여의 왜곡이 발생할 위험이 존재 | BY69: 임직원에게 매년 부여되는 연차에 근거하여 인사담당자가 연차충당부채를 계산하여 회계전표를 작성 후 전결권자의 승인을 득하는 업무절차를 구비해야함. 또한, 장기종업원급여와 관련하여 외부평가기관에 제시되는 자료에 대해 작성자 외의 전결권자가 검토 및 승인하는 한편, 외부평가보고서에 근거하여 회계처리를 수행 및 검토하는 절차가 구비되어야함.
A70: 2 | B70: HR | C70: 급여 및 인사관리 | D70: HR-020 | E70: 급여 계산 및 지급 | F70: HR-020-20 | G70: HR-020-20-10 | H70: 노정희 | I70: 급여는 실제 근무한 회사의 임직원에게만 지급되어야 한다. | J70: Low | K70: high | L70: Low | M70: Low | N70: Low | O70: LR | P70: 부적절한 수령자에게 지급되거나 부정확한 금액이 지급될 위험. | Q70: 급여계좌의 변경에 대한 원천자료와의 대사 | R70: 모든 임직원의 급여계좌번호는 인사시스템의 인사정보에서 관리되며, 급여계좌번호의 변경은 원천자료 검토 후 수행되어야 한다. | S70: Yes | U70: O | V70: O | W70: O | Y70: O | Z70: P | AA70: M | AB70: O | AC70: O | AG70: O | AI70: 급여, 경상연구개발비, 미지급비용 | AJ70: Q | AK70: N/A | AL70: 더존 | AM70: N/A | AN70: L | AO70: H | AP70: L | AQ70: L | AR70: L | AS70: L | AT70: L | AU70: L | AV70: Not Higher | AW70: 1. 더존상 임직원의 계좌번호를 관리하고 있으며, CFO 1인만이 동 계좌번호에 대한 접근권한이 존재함. 2. 더존상의 계좌번호에 근거하여 더존에서 이체파일이 생성되며, 동 이체파일을 편집 후 은행에 송부하여 급여에 대한 지급절차를 수행함. 3. 급여의 지급은 입사시 설정한 국민은행 계좌만을 통해 이루어지고 있음에 따라, 중도 계좌의 변경 등은 발생하지 않음 | AX70: 1. 더존상 임직원의 계좌번호를 관리하고 있으며, CFO 1인만이 동 계좌번호에 대한 접근권한이 존재함. 2. 더존상의 계좌번호에 근거하여 더존에서 이체파일이 생성되며, 동 이체파일을 편집 후 은행에 송부하여 급여에 대한 지급절차를 수행함. 3. 급여의 지급은 입사시 설정한 국민은행 계좌만을 통해 이루어지고 있음에 따라, 중도 계좌의 변경 등은 발생하지 않음 | BA70: O | BC70: 급여이체파일 | BD70: A | BE70: 2 | BF70: 【문서검사】 1. 표본기간 중의 급여이체 내역을 모집단으로 하여 표본수에 해당하는 표본을 추출한다. 2. 급여이체파일상 5명의 인원을 임의추출하여 급여이체파일상의 계좌번호와 더존상의 해당인원의 계좌번호가 일치하는지를 확인한다. | BG70: 경영지원팀 인사전결권자 | BH70: RCM상 '관련 정책 및 문서'를 확인한 결과 통제활동은 해당 정책과 연계되어 있음을 확인함. | BI70: RCM상 기재된 관련 통제위험을 감소시킬수 있도록 통제가 효과적으로 설계 되었음 | BJ70: 예외사항은 해당 통제의 수행시 오류가 발생할 경우로 정의하며, 추가절차를 위해 별도로 설정한 threshold는 없으며, 예외사항 발생시 즉시 추가적인 절차를 취하도록 설계됨. | BK70: 통제를 수행하는데 사용된 정보에 대한 컨트롤이 적절히 수행되고 있음. | BL70: 해당 사업연도 초에 통제가 설계되었으며, 설계이후 해당 통제의 수행기간은 충분하다고 판단됨. | BM70: 업무경험과 교육이수 등을 고려할 때 통제 수행자의 적격성은 충분함 | BN70: 본 통제활동에서 다루는 급여계좌의 변경에 대한 원천자료와의 대사는 거래의 연간 발생 빈도 및 중요도를 고려하여 주기를 Q로 설정하였으며 통제 수행빈도는 해당 위험의 적시 예방 적발을 위해 적절하다고 판단됨. | BO70: 해당 통제와 관련한 중요한 위험인 [급여는 실제 근무한 회사의 임직원에게만 지급되어야 한다. ]에 대해 완전히 고려되고 있음. | BQ70: O | BS70: O
A71: 1 | B71: HR | C71: 급여 및 인사관리 | D71: HR-020 | E71: 급여 계산 및 지급 | F71: HR-020-40 | G71: HR-020-40-10 | H71: 노정희 | I71: 급여 관련 업무는 분장되어야 한다. | J71: Low | K71: high | L71: Low | M71: Low | N71: Low | O71: LR | P71: 급여 관련 업무가 분장되지 않아 잠재적인 이해상충이나 급여계산 및 지급에 오류가 발생할 위험. | Q71: 급여지급과 관련한 업무분장 | R71: 급여지급, 급여계산, 급여기록, 인사기록카드관리 업무영역이 나뉘어져 있어야 하며, 업무분장에 따른 불일치사항 발생시 독립적인 담당자에 의한 조정이 있어야 한다. | S71: Yes | V71: O | Y71: O | Z71: P | AA71: M | AD71: O | AG71: O | AI71: 급여, 퇴직급여, 복리후생비,경상연구개발비, 미지급비용 | AJ71: A | AK71: N/A | AL71: N/A | AM71: N/A | AN71: L | AO71: H | AP71: H | AQ71: H | AR71: L | AS71: H | AT71: H | AU71: L | AV71: Higher | AW71: 급여와 관련한 업무는 다음과 같이 분장되어 이루어지고 있음. 1. 경영지원팀 인사담당자 : 급여의 계산, 급여이체리스트의 작성, 급여관련 회계전표의 작성, 급여대장의 작성, 인사기록카드 등 인사관련 정보의 관리 2. 경영지원팀 자금담당자 : 급여이체리스트의 적절성 검토, 급여의 이체절차 수행, 급여출금전표의 작성 3. 경영지원팀 회계담당자 : 인사담당자에 의해 작성된 급여관련 회계처리의 적절성 검토, 자금담당자에 의해 수행된 급여관련 지급회계처리의 적절성 검토 4. 경영지원팀 전결권자 : 급여계산(급여대장, 이체리스트, 전표)의 적절성 검토, 급여이체에 대한 최종 승인, 급여의 계상 및 지급과 관련한 회계전표의 검토 및 승인 | AX71: 1. 급여의 계산, 급여대장의 작성, 급여관련 이체리스트의 작성, 급여의 이체처리가 CFO 1인에 의해 수행되고 있음 2. 급여계산이 완료되면, 급여관련 총 금액을 경영지원팀 회계담당자에게 전달하며, 회계담당자가 관련 금액을 근거로 회계처리를 실시하고 있음. | AY71: O | AZ71: O | BA71: O | BC71: 조직도 | BD71: A | BE71: 1 | BF71: 【질문, 관찰 및 문서검사】 1. 조직도를 징구하여 급여의 계산과 급여의 지급과 관련한 업무분장여부에 대해 확인한다. 2. 경영지원팀내 급여계산 담당자와 급여지급담당자가 구분되어 있는지를 질문하고 실제 업무가 분장되어 있는지를 관찰한다. | BG71: 경영지원팀 인사전결권자 | BH71: RCM상 '관련 정책 및 문서'를 확인한 결과 통제활동은 해당 정책과 연계되어 있음을 확인함. | BI71: RCM상 기재된 관련 통제위험을 감소시킬수 있도록 통제가 효과적으로 설계 되었음 | BJ71: 예외사항은 해당 통제의 수행시 오류가 발생할 경우로 정의하며, 추가절차를 위해 별도로 설정한 threshold는 없으며, 예외사항 발생시 즉시 추가적인 절차를 취하도록 설계됨. | BK71: 통제를 수행하는데 사용된 정보에 대한 컨트롤이 적절히 수행되고 있음. | BL71: 해당 사업연도 초에 통제가 설계되었으며, 설계이후 해당 통제의 수행기간은 충분하다고 판단됨. | BM71: 업무경험과 교육이수 등을 고려할 때 통제 수행자의 적격성은 충분함 | BN71: 본 통제활동에서 다루는 급여지급과 관련한 업무분장는 거래의 연간 발생 빈도 및 중요도를 고려하여 주기를 A로 설정하였으며 통제 수행빈도는 해당 위험의 적시 예방 적발을 위해 적절하다고 판단됨. | BO71: 해당 통제와 관련한 중요한 위험인 [급여 관련 업무는 분장되어야 한다. ]에 대해 완전히 고려되고 있음. | BQ71: O | BS71: O | BW71: 급여계산결과에 대한 검토 및 급여지급업무분장 | BX71: [현황] 급여의 계산, 급여와 관련한 이체리스트, 급여대장의 작성을 CFO가 직접 수행하고 있으며, CFO는 작성된 급여대장에 대해서 대표이사의 승인을 득한 후 직접 급여지급처리를 수행하고 있음. [잠재적위험] 급여계산에 있어서의 오류, 급여관련 제반정보(계좌번호 등)의 오류 등을 적시에 발견하지 못하여 잘못된 급여의 지급 및 회계처리가 발생할 위험, 급여의 계산 및 지급이 동일인에 의해 수행되어 급여지급과 관련한 부정이 발생할 위험이 존재 | BY71: 급여를 계산하는 자와 계산된 급여를 실질적으로 검토하는 자를 구분하여 급여계산, 급여대장 및 급여이체리스트 작성과정에서의 오류를 적시에 발견할 수 있도록 업무를 분장해야함. 또한, 급여를 계산하는자가 급여의 지급까지 수행할 경우 임의적인 급여의 지급, 지급계좌의 변경 등을 통한 부정의 발생가능성이 존재함에 따라 급여의 계산 및 지급과 관련한 업무를 다음과 같이 분장해야함. - 급여계산 담당자를 별도로 지정하고, 계산된 급여와 관련한 오류발생 여부에 대해 상위권자가 실질적으로 검토를 수행해야 함. - 급여계산담당자가 급여이체리스트를 작성함에 있어 급여이체리스트상 비밀번호를 설정하고, 동 급여이체리스트를 상위권자가 검토하는 한편 급여의 지급을 담당하는 제3자(자금담당자)가 검토 및 지출을 수행하도록 하여 ,자금의 지출과정에서 임의적인 급여이체리스트의 변형을 방지해야함. - 급여담당자가 급여계산이 완료시 회계전표를 작성하고, 자금담당자가 급여지급시 회계전표를 작성하고, 전결권자가 관련 회계전표에 대한 검토 및 승인절차를 수행하여 급여와 관련한 회계오류에 대해서도 적시발견할 수 있는 절차를 구비해야함.
A72: 1 | B72: HR | C72: 급여 및 인사관리 | D72: HR-020 | E72: 급여 계산 및 지급 | F72: HR-020-50 | G72: HR-020-50-10 | H72: 유헌종 노정희 | I72: 장기종업원급여는 완전하고 정확하게 계산되어야 하며, 계산 결과는 승인권자의 승인을 득하여야 한다. | J72: high | K72: Low | L72: Low | M72: high | N72: Low | O72: HR | P72: 장기종업원급여 계산에 대한 검토 및 승인절차가 없을 경우, 잘못 계산된 장기종업원급여가 적시에 수정되지 못할 위험. | Q72: 장기종업원급여계산내역에 대한 관리자의 검토 및 승인 | R72: 외부계리평가에 따른 장기종업원급여는 승인권자의 검토 및 승인을 득한 후 기록되어야 한다. | S72: Yes | U72: O | W72: O | X72: O | Y72: O | Z72: P | AA72: M | AC72: O | AD72: O | AE72: O | AF72: O | AH72: O | AI72: 급여, 충당부채(장기근속급여) | AJ72: A | AK72: N/A | AL72: 더존 | AM72: N/A | AN72: L | AO72: L | AP72: H | AQ72: H | AR72: H | AS72: L | AT72: L | AU72: L | AV72: Not Higher | AW72: 1. 인사담당자는 외부계리평가기관에 전달할 인원현황, 급여정보, 입사일 및 입퇴사자 명단등을 작성함. 2. 작성된 근거자료에 대해 전결권자의 검토를 득한 후 외부기관에 전달함. 3. 수령한 외부계리평가보고서의 이상유무를 검토한 후 보고서를 토대로 전표를 입력하고 있음. 4. 입력된 전표 및 외부평가보고서에 대해 전결권자의 검토 및 승인을 득함. | AX72: 1. 인사담당자는 외부계리평가기관에 전달할 인원현황, 급여정보, 입사일 및 입퇴사자 명단등을 작성함. 2. 작성된 근거자료에 대해 전결권자의 검토를 득한 후 외부기관에 전달함. 3. 수령한 외부계리평가보고서의 이상유무를 검토한 후 보고서를 토대로 전표를 입력하고 있음. 4. 입력된 전표 및 외부평가보고서에 대해 전결권자의 검토 및 승인을 득함. | BA72: O | BC72: 계리평가보고서, 회계전표 | BD72: A | BE72: 1 | BF72: 【문서검사】 1. 표본기간 중의 장기종업원급여 계상전표를 모집단으로 표본수에 해당하는 표본을 추출한다. 2. 장기종업원급여산정을 위해 외부평가기관에 제시하는 자료에 대해 승인권자의 검토 및 승인이 이루어졌는지를 확인한다. 3. 외부평가기관의 평가보고서와 회계전표상의 회계처리내역이 일치하는지에 대해 확인한다. 4. 회계전표에 대해 전결권자의 승인 및 검토가 이루어졌는지 확인한다. | BG72: 경영지원팀 인사전결권자 | BH72: RCM상 '관련 정책 및 문서'를 확인한 결과 통제활동은 해당 정책과 연계되어 있음을 확인함. | BI72: RCM상 기재된 관련 통제위험을 감소시킬수 있도록 통제가 효과적으로 설계 되었음 | BJ72: 예외사항은 해당 통제의 수행시 오류가 발생할 경우로 정의하며, 추가절차를 위해 별도로 설정한 threshold는 없으며, 예외사항 발생시 즉시 추가적인 절차를 취하도록 설계됨. | BK72: 통제를 수행하는데 사용된 정보에 대한 컨트롤이 적절히 수행되고 있음. | BL72: 해당 사업연도 초에 통제가 설계되었으며, 설계이후 해당 통제의 수행기간은 충분하다고 판단됨. | BM72: 업무경험과 교육이수 등을 고려할 때 통제 수행자의 적격성은 충분함 | BN72: 본 통제활동에서 다루는 장기종업원급여계산내역에 대한 관리자의 검토 및 승인는 거래의 연간 발생 빈도 및 중요도를 고려하여 주기를 A로 설정하였으며 통제 수행빈도는 해당 위험의 적시 예방 적발을 위해 적절하다고 판단됨. | BO72: 해당 통제와 관련한 중요한 위험인 [장기종업원급여는 완전하고 정확하게 계산되어야 하며, 계산 결과는 승인권자의 승인을 득하여야 한다. ]에 대해 완전히 고려되고 있음. | BQ72: O | BS72: O | BW72: 연차충당부채 및 장기종업원급여의 계상 및 검토 | BX72: [현황] 연차충당부채의 계산 및 관련 회계처리가 감사인의 수정사항을 근거로 이루어지고 있음. 또한, IFRS도입으로 인해 추가로 계상하게된 장기종업원급여와 관련한 내부프로세스의 구축이 필요함. [잠재적위험] 연차충당부채 및 장기종업원급여의 계산 오류로 인해 급여의 왜곡이 발생할 위험이 존재 | BY72: 임직원에게 매년 부여되는 연차에 근거하여 인사담당자가 연차충당부채를 계산하여 회계전표를 작성 후 전결권자의 승인을 득하는 업무절차를 구비해야함. 또한, 장기종업원급여와 관련하여 외부평가기관에 제시되는 자료에 대해 작성자 외의 전결권자가 검토 및 승인하는 한편, 외부평가보고서에 근거하여 회계처리를 수행 및 검토하는 절차가 구비되어야함.
A73: 1 | B73: HR | C73: 급여 및 인사관리 | D73: HR-030 | E73: 인사기록관리 | F73: HR-030-10 | G73: HR-030-10-10 | H73: 노정희 | I73: 인사급여관련 기록의 입력 및 변경은 정확하고 완전하고, 유효하게, 그리고 적시에 이루어져야 한다. | J73: Low | K73: high | L73: Low | M73: Low | N73: Low | O73: LR | P73: 인사급여자료의 입력 및 변경이 부정확하게 이루어짐으로써 급여계산 및 지급에 오류가 발생할 위험. | Q73: 급여자료변경의 입력을 위한 원천자료 사전 승인 | R73: 급여자료의 변경시에는는 해당 품의서를 작성하여 적절한 전결권자의 승인을 득하여야 한다. | S73: Yes | T73: O | U73: O | W73: O | X73: O | Z73: P | AA73: M | AB73: O | AC73: O | AD73: O | AI73: 급여, 경상연구개발비, 미지급비용 | AJ73: A | AK73: N/A | AL73: 더존 | AM73: N/A | AN73: L | AO73: H | AP73: H | AQ73: H | AR73: L | AS73: L | AT73: L | AU73: L | AV73: Not Higher | AW73: 1. 급여인상은 매 4월에 이루어지고 있으며, 실제 급여의 인상은 4월부터 반영되고 있음. 2. 연봉협상에 있어 법인예산 및 본부예산을 편성하고, 각 본부별 예산범위내에서 인사평가를 통해 개인별 연봉인상율을 결정하고 있음. 3. 인사평가는 목표관리 및 자기진단시트에 근거하여 수행이 이루어지며, 평가는 팀장이 수행(팀장에 대한 평가는 본부장)함. 팀장에 의해 작성된 인사평가결과는 인사팀에서 취합하여 각 본부장님에게 송부하며, 본부장님이 동 평가결과에 근거하여 연봉인상율의 결정 및 연봉협상을 수행하고 있음. 4. 연봉협상결과는 인사팀에서 취합하여 대표이사에게 보고하고 있으며, 대표이사의 승인을 득한 후 인상된 연봉을 급여시스템에 반영하고 있음. 5. 전결권자는 급여시스템에 반영된 급여정보가 승인된 급여정보와 일치하는지를 확인한다. | AX73: 1. 급여인상은 매 4월에 이루어지고 있으며, 실제 급여의 인상은 4월부터 반영되고 있음. 2. 연봉협상에 있어 법인예산 및 본부예산을 편성하고, 각 본부별 예산범위내에서 인사평가를 통해 개인별 연봉인상율을 결정하고 있음. 3. 인사평가는 목표관리 및 자기진단시트에 근거하여 수행이 이루어지며, 평가는 팀장이 수행(팀장에 대한 평가는 본부장)함. 팀장에 의해 작성된 인사평가결과는 인사팀에서 취합하여 각 본부장님에게 송부하며, 본부장님이 동 평가결과에 근거하여 연봉인상율의 결정 및 연봉협상을 수행하고 있음. 4. 연봉협상결과는 인사팀에서 취합하여 대표이사에게 보고하고 있으며, 대표이사의 승인을 득한 후 인상된 연봉을 급여시스템에 반영하고 있음. 5. 전결권자는 급여시스템에 반영된 급여정보가 승인된 급여정보와 일치하는지를 확인한다. | BA73: O | BC73: 연봉협상결과보고자료, 급여대장 | BD73: A | BE73: 1 | BF73: 【문서검사】 1. 표본기간 중의 연봉협상결과보고를 모집단으로 하여 표본수에 해당하는 표본을 추출한다. 2. 연봉협상결과보고가 대표이사의 승인을 득하였는지 확인한다. 3. 연봉협상결과보고상의 5명의 인원을 임의추출하여 인상된 연봉과 급여대장상의 연봉이 일치하는지를 확인한다. | BG73: 경영지원팀 인사전결권자 | BH73: RCM상 '관련 정책 및 문서'를 확인한 결과 통제활동은 해당 정책과 연계되어 있음을 확인함. | BI73: RCM상 기재된 관련 통제위험을 감소시킬수 있도록 통제가 효과적으로 설계 되었음 | BJ73: 예외사항은 해당 통제의 수행시 오류가 발생할 경우로 정의하며, 추가절차를 위해 별도로 설정한 threshold는 없으며, 예외사항 발생시 즉시 추가적인 절차를 취하도록 설계됨. | BK73: 통제를 수행하는데 사용된 정보에 대한 컨트롤이 적절히 수행되고 있음. | BL73: 해당 사업연도 초에 통제가 설계되었으며, 설계이후 해당 통제의 수행기간은 충분하다고 판단됨. | BM73: 업무경험과 교육이수 등을 고려할 때 통제 수행자의 적격성은 충분함 | BN73: 본 통제활동에서 다루는 급여자료변경의 입력을 위한 원천자료 사전 승인는 거래의 연간 발생 빈도 및 중요도를 고려하여 주기를 A로 설정하였으며 통제 수행빈도는 해당 위험의 적시 예방 적발을 위해 적절하다고 판단됨. | BO73: 해당 통제와 관련한 중요한 위험인 [인사급여관련 기록의 입력 및 변경은 정확하고 완전하고, 유효하게, 그리고 적시에 이루어져야 한다. ]에 대해 완전히 고려되고 있음. | BQ73: O | BS73: O
A74: 2 | B74: HR | C74: 급여 및 인사관리 | D74: HR-040 | E74: 직원의 퇴사 | F74: HR-040-10 | G74: HR-040-10-10 | H74: 유헌종 | I74: 퇴사는 인사정책에 준수하여 적법한 승인절차를 득한 후에 확정되어야 한다. | J74: Low | K74: Low | L74: Low | M74: Low | N74: Low | O74: LR | P74: 인사정책에 반하거나 적법한 절차를 거치지 않은 인원에 대하여 퇴직 처리함으로써 회사자산의 미반납 그리고 퇴직급여 계산 및 지급의 오류가 발생할 위험. | Q74: 퇴직발령에 대한 승인 | R74: 모든 퇴사자는 사직서를 작성하여 전결권자의 승인을 득하여야 한다. | S74: Yes | T74: O | W74: O | Y74: O | Z74: P | AA74: M | AB74: O | AC74: O | AG74: O | AI74: 퇴직급여 | AJ74: Q | AK74: N/A | AL74: 더존 | AM74: N/A | AN74: L | AO74: L | AP74: H | AQ74: H | AR74: L | AS74: L | AT74: L | AU74: L | AV74: Not Higher | AW74: 1. 퇴사를 희망하는 인원은 각 팀장 및 본부장과의 면담을 진행하고, 최종 결정시에는 대표이사까지의 면담을 실시함. 2. 면담 진행 후에도 퇴사를 희망하는 인원은 사직서를 작성하여 제출하고 있으며, 해당 사직서에 대해서 대표이사까지의 승인을 득함. 3. 퇴사자에 대해 사직서외에 퇴직연금지연동의서, 업무인수인계서를 수령하고 있음. 4. 퇴사자면담시 면담결과서를 작성하여 향후 고용의 유지 등과 관련한 자료로 사용하고 있음. | AX74: 1. 퇴사를 희망하는 인원은 각 팀장 및 본부장과의 면담을 진행하고, 최종 결정시에는 대표이사까지의 면담을 실시함. 2. 면담 진행 후에도 퇴사를 희망하는 인원은 사직서를 작성하여 제출하고 있으며, 해당 사직서에 대해서 대표이사까지의 승인을 득함. 3. 퇴사자에 대해 사직서외에 퇴직연금지연동의서, 업무인수인계서를 수령하고 있음. 4. 퇴사자 면담시 직급별로 담당자를 나누어 면담결과서를 작성함. | BA74: O | BC74: 사직서, 퇴사자면담결과서 | BD74: A | BE74: 2 | BF74: 【문서검사】 1. 표본기간 중의 퇴사자리스트를 모집단으로 하여 표본수에 해당하는 표본을 추출한다. 2. 퇴사자에 대하여 사직서가 작성되고 대표이사까지의 승인을 득하였는지 확인한다. 3. 퇴사자에 대한 면담결과서가 작성되어 보존되고 있는지 확인한다. | BG74: 경영지원팀 인사전결권자 | BH74: RCM상 '관련 정책 및 문서'를 확인한 결과 통제활동은 해당 정책과 연계되어 있음을 확인함. | BI74: RCM상 기재된 관련 통제위험을 감소시킬수 있도록 통제가 효과적으로 설계 되었음 | BJ74: 예외사항은 해당 통제의 수행시 오류가 발생할 경우로 정의하며, 추가절차를 위해 별도로 설정한 threshold는 없으며, 예외사항 발생시 즉시 추가적인 절차를 취하도록 설계됨. | BK74: 통제를 수행하는데 사용된 정보에 대한 컨트롤이 적절히 수행되고 있음. | BL74: 해당 사업연도 초에 통제가 설계되었으며, 설계이후 해당 통제의 수행기간은 충분하다고 판단됨. | BM74: 업무경험과 교육이수 등을 고려할 때 통제 수행자의 적격성은 충분함 | BN74: 본 통제활동에서 다루는 퇴직발령에 대한 승인는 거래의 연간 발생 빈도 및 중요도를 고려하여 주기를 Q로 설정하였으며 통제 수행빈도는 해당 위험의 적시 예방 적발을 위해 적절하다고 판단됨. | BO74: 해당 통제와 관련한 중요한 위험인 [퇴사는 인사정책에 준수하여 적법한 승인절차를 득한 후에 확정되어야 한다. ]에 대해 완전히 고려되고 있음. | BQ74: O | BS74: O | BW74: 퇴직시 면담결과서 등의 작성 | BX74: [현황] 직원의 퇴직시에 면담등을 실시하고 있으나, 그 면담결과 등을 구체적으로 기재하여 향후 고용의 유지를 위한 자료로 사용하고 있지는 않음. [잠재적위험] 임직원 퇴직과 관련한 절차 등이 적절히 수행되지 않아 직원의 고용을 유지하지 못하여 인력 부족이 발생할 위험. | BY74: 임직원의 퇴직시에 퇴직자와의 면담을 근거로한 면담결과서를 작성하고, 동 면담결과서에 대한 내부 승인 및 그 주요내용과 관련하여 향후 개선 등을 위한 근거자료로 사용해야함. 면담결과서에는 구체적인 퇴직사유, 회사에 권고하는 개선사항 및 불만사항 등을 기재하고, 담당부서에서 그 퇴직사유 등에 대한 분석을 통한 누적결과보고 등을 실시하는 한편, 향후 고용유지를 위한 기본자료로 활용해야함.
A75: 2 | B75: HR | C75: 급여 및 인사관리 | D75: HR-040 | E75: 직원의 퇴사 | F75: HR-040-20 | G75: HR-040-20-10 | H75: 노정희 | I75: 퇴직금은 적시에 계산되고 지급되어야 한다. | J75: high | K75: Low | L75: Low | M75: Low | N75: Low | O75: LR | P75: 가공의 퇴사자 또는 퇴사한 직원에 대해 잘못 계산된 퇴직금이 적시에 발견되어 수정되지 못할 위험. | Q75: 퇴직금 계산의 정확성 및 완전성 검토 | R75: 확정기여형 퇴직급여와 관련한 불입금에 대해서 전결권자의 승인을 득해야 한다. | S75: Yes | T75: O | U75: O | X75: O | Y75: O | Z75: P | AA75: M | AC75: O | AD75: O | AF75: O | AG75: O | AH75: O | AI75: 퇴직급여 | AJ75: M | AK75: N/A | AL75: 더존 | AM75: N/A | AN75: L | AO75: H | AP75: L | AQ75: L | AR75: L | AS75: L | AT75: L | AU75: L | AV75: Not Higher | AW75: 1. 확정기여형 연금제도에 가입하고 있으며, 관련 확정기여형 연금은 월별로 불입이 이루어지고 있음. 2. 인사담당자는 매월급여대장 작성에 있어 인별 퇴직연금액을 계산하고 있으며, 동 퇴직연금액을 급여대장에 반영하여 승인 및 지급절차를 수행하고 있음. | AX75: 1. 확정기여형 연금제도에 가입하고 있으며, 관련 확정기여형 연금은 월별로 불입이 이루어지고 있음. 2. 인사담당자는 매월급여대장 작성에 있어 인별 퇴직연금액을 계산하고 있으며, 동 퇴직연금액을 급여대장에 반영하여 승인 및 지급절차를 수행하고 있음. | AY75: O | BA75: O | BC75: 퇴직급여전표, 급여대장 | BD75: A | BE75: 2 | BF75: 【질문및문서검사】 1. 표본기간 중 급여대장을 모집단으로 하여 표본수에 해당하는 표본을 추출한다. 2. 급여대장상에 기재된 확정기여형퇴직금과 회계전표상의 퇴직급여가 일치하는지 확인한다. 3. 급여대장상 퇴직금이 누락된 인원이 존재하는지 여부를 확인하고, 누락인원이 있는 경우 그 사유에 대해 질문한다. 4. 회계전표상의 퇴직급여와 실제 불입액이 일치하는지를 확인한다. | BG75: 경영지원팀 인사전결권자 | BH75: RCM상 '관련 정책 및 문서'를 확인한 결과 통제활동은 해당 정책과 연계되어 있음을 확인함. | BI75: RCM상 기재된 관련 통제위험을 감소시킬수 있도록 통제가 효과적으로 설계 되었음 | BJ75: 예외사항은 해당 통제의 수행시 오류가 발생할 경우로 정의하며, 추가절차를 위해 별도로 설정한 threshold는 없으며, 예외사항 발생시 즉시 추가적인 절차를 취하도록 설계됨. | BK75: 통제를 수행하는데 사용된 정보에 대한 컨트롤이 적절히 수행되고 있음. | BL75: 해당 사업연도 초에 통제가 설계되었으며, 설계이후 해당 통제의 수행기간은 충분하다고 판단됨. | BM75: 업무경험과 교육이수 등을 고려할 때 통제 수행자의 적격성은 충분함 | BN75: 본 통제활동에서 다루는 퇴직금 계산의 정확성 및 완전성 검토는 거래의 연간 발생 빈도 및 중요도를 고려하여 주기를 M로 설정하였으며 통제 수행빈도는 해당 위험의 적시 예방 적발을 위해 적절하다고 판단됨. | BO75: 해당 통제와 관련한 중요한 위험인 [퇴직금은 적시에 계산되고 지급되어야 한다. ]에 대해 완전히 고려되고 있음. | BQ75: O | BS75: O
A76: 2 | B76: HR | C76: 급여 및 인사관리 | D76: HR-040 | E76: 직원의 퇴사 | F76: HR-040-20 | G76: HR-040-20-20 | H76: 노정희 | I76: 퇴직금은 적시에 계산되고 지급되어야 한다. | J76: Low | K76: high | L76: Low | M76: Low | N76: Low | O76: LR | P76: 가공의 퇴사자 또는 퇴사한 직원에 대해 잘못 계산된 퇴직금이 적시에 발견되어 수정되지 못할 위험. | Q76: 퇴사자에 대한 인사급여 인사기록카드 퇴직등록절차 | R76: 직원의 퇴직 시 승인을 받은 퇴직원 기준으로 적시에 인사정보에 퇴직으로 변경 처리하여야 한다. | S76: Yes | U76: O | W76: O | Y76: O | Z76: P | AA76: M | AC76: O | AD76: O | AG76: O | AI76: 퇴직급여 | AJ76: M | AK76: N/A | AL76: 더존 | AM76: N/A | AN76: L | AO76: L | AP76: L | AQ76: L | AR76: L | AS76: L | AT76: L | AU76: L | AV76: Not Higher | AW76: 1. 퇴사자에 대한 사직서가 수리되어 승인이 이루어질 경우 인사담당자는 더존상에서 해당인원을 퇴사상태로 변경하고 있음. 2. 급여지급 담당자는 익월 급여계산에 있어 해당 인원이 적절히 제외되어 급여 등 계산이 이루어지고 있는지에 대해 검토를 수행함. | AX76: 1. 퇴사자에 대한 사직서가 수리되어 승인이 이루어질 경우 인사담당자는 더존상에서 해당인원을 퇴사상태로 변경하고 있음. 2. 급여지급 담당자는 익월 급여계산에 있어 해당 인원이 적절히 제외되어 급여 등 계산이 이루어지고 있는지에 대해 검토를 수행함. | AZ76: O | BA76: O | BC76: 급여대장 | BD76: A | BE76: 2 | BF76: 【관찰및문서검사】 1. 표본기간 중의 퇴사자리스트를 모집단으로 하여 표본수에 해당하는 표본을 추출한다. 2. 퇴사자의 퇴직일을 확인하고, 퇴직일 이후 급여대장상 급여가 발생하는지 여부에 대해 확인한다. 3. 퇴사자에 대해 시스템상 퇴사자로 처리가 이루어져 있는지를 확인한다. | BG76: 경영지원팀 인사전결권자 | BH76: RCM상 '관련 정책 및 문서'를 확인한 결과 통제활동은 해당 정책과 연계되어 있음을 확인함. | BI76: RCM상 기재된 관련 통제위험을 감소시킬수 있도록 통제가 효과적으로 설계 되었음 | BJ76: 예외사항은 해당 통제의 수행시 오류가 발생할 경우로 정의하며, 추가절차를 위해 별도로 설정한 threshold는 없으며, 예외사항 발생시 즉시 추가적인 절차를 취하도록 설계됨. | BK76: 통제를 수행하는데 사용된 정보에 대한 컨트롤이 적절히 수행되고 있음. | BL76: 해당 사업연도 초에 통제가 설계되었으며, 설계이후 해당 통제의 수행기간은 충분하다고 판단됨. | BM76: 업무경험과 교육이수 등을 고려할 때 통제 수행자의 적격성은 충분함 | BN76: 본 통제활동에서 다루는 퇴사자에 대한 인사급여 인사기록카드 퇴직등록절차는 거래의 연간 발생 빈도 및 중요도를 고려하여 주기를 M로 설정하였으며 통제 수행빈도는 해당 위험의 적시 예방 적발을 위해 적절하다고 판단됨. | BO76: 해당 통제와 관련한 중요한 위험인 [퇴직금은 적시에 계산되고 지급되어야 한다. ]에 대해 완전히 고려되고 있음. | BQ76: O | BS76: O
A77: 2 | B77: FA | C77: 고정자산관리 | D77: FA-010 | E77: 취득 관리 | F77: FA-010-10 | G77: FA-010-10-10 | H77: 유헌종 | I77: 취득거래가 충분한 검토와 적법한 승인절차를 거치지 않음으로써 취득거래에 오류가 적시에 적발 및 수정되지 않아 재무제표의 왜곡 발생 위험. | J77: Low | K77: Low | L77: high | M77: Low | N77: Low | O77: LR | P77: 취득한 고정자산은 회사의 규정 및 적법한 승인절차에 따라 확정된 자산으로서 타당하고 유효하여야 한다. | Q77: 유형자산 취득에 대한 승인 | R77: 고정자산의 취득은 품의서를 작성하여 권한있는 승인권자의 승인을 득하여야 한다. | S77: Yes | T77: O | U77: O | X77: O | Y77: O | Z77: P | AA77: M | AB77: O | AD77: O | AE77: O | AH77: O | AI77: 토지, 건물, 차량운반구, 비품, 시설장치, 특허권, 감가상각비, 무형자산상각비 | AJ77: Q | AK77: N/A | AL77: N/A | AM77: N/A | AN77: L | AO77: L | AP77: L | AQ77: L | AR77: L | AS77: H | AT77: L | AU77: L | AV77: Not Higher | AW77: 1. 고정자산 취득을 위해 각 부서에서 품의서를 작성하여 상위권자의 승인을 득함. 2. 품의서에는 자산의 내용, 구매목적등이 기재되며 견적서도 별도로 첨부됨. | AX77: 1. 고정자산 취득을 위해 각 부서에서 품의서를 작성하여 상위권자의 승인을 득함. 2. 품의서에는 자산의 내용, 구매목적등이 기재되며 견적서도 별도로 첨부됨. | AY77: O | BA77: O | BC77: 고정자산 취득 전표 | BD77: A | BE77: 2 | BF77: 【질문 및 문서검사】 1. 고정자산 취득 시 각 부서 담당자가 구매요청서를 작성하여 상위권자의 승인을 득하는지 질문한다. 2. 표본기간 중 고정자산 취득 전표를 모집단으로 하여 표본수에 해당하는 표본을 추출한다. 3. 표본으로 선정된 고정자산의 취득 전표 중에서 고정자산 취득 샘플을 선정하여 품의서 작성여부 및 승인여부를 확인한다 | BG77: 경영지원팀 전결권자 | BH77: RCM상 '관련 정책 및 문서'를 확인한 결과 통제활동은 해당 정책과 연계되어 있음을 확인함. | BI77: RCM상 기재된 관련 통제위험을 감소시킬수 있도록 통제가 효과적으로 설계 되었음 | BJ77: 예외사항은 해당 통제의 수행시 오류가 발생할 경우로 정의하며, 추가절차를 위해 별도로 설정한 threshold는 없으며, 예외사항 발생시 즉시 추가적인 절차를 취하도록 설계됨. | BK77: 통제를 수행하는데 사용된 정보에 대한 컨트롤이 적절히 수행되고 있음. | BL77: 해당 사업연도 초에 통제가 설계되었으며, 설계이후 해당 통제의 수행기간은 충분하다고 판단됨. | BM77: 업무경험과 교육이수 등을 고려할 때 통제 수행자의 적격성은 충분함 | BN77: 본 통제활동에서 다루는 유형자산 취득에 대한 승인는 거래의 연간 발생 빈도 및 중요도를 고려하여 주기를 Q로 설정하였으며 통제 수행빈도는 해당 위험의 적시 예방 적발을 위해 적절하다고 판단됨. | BO77: 해당 통제와 관련한 중요한 위험인 [취득거래가 충분한 검토와 적법한 승인절차를 거치지 않음으로써 취득거래에 오류가 적시에 적발 및 수정되지 않아 재무제표의 왜곡 발생 위험. ]에 대해 완전히 고려되고 있음. | BQ77: O | BS77: O
A78: 2 | B78: FA | C78: 고정자산관리 | D78: FA-010 | E78: 취득 관리 | F78: FA-010-20 | G78: FA-010-20-10 | H78: 이단비 | I78: 유형자산 취득 거래에 대한 기표가 정확하지 않음으로써 회사의 재무제표가 왜곡 표시될 위험. | J78: Low | K78: Low | L78: high | M78: high | N78: Low | O78: HR | P78: 모든 고정자산 취득거래는 완전하고, 정확하게 그리고 적시에 기록되어야 한다. | Q78: 유형자산 취득 관련 기록과 승인절차 | R78: 권한있는 승인권자는 유형자산 취득전표와 관련 증빙을 검토하여 유형자산 취득 전표를 승인한다. | S78: Yes | T78: O | X78: O | Z78: P | AA78: M | AB78: O | AD78: O | AF78: O | AG78: O | AH78: O | AI78: 토지, 건물, 차량운반구, 비품, 시설장치, 특허권, 감가상각비, 무형자산상각비 | AJ78: Q | AK78: N/A | AL78: 더존 | AM78: N/A | AN78: L | AO78: L | AP78: H | AQ78: L | AR78: L | AS78: L | AT78: H | AU78: L | AV78: Not Higher | AW78: 1. 검수완료후 취득전표는 경영지원팀 고정자산담당자가 전표 입력함. 2. 고정자산담당자가 회계시스템에 입력한 전표는 상위권자의 검토 및 승인을 득한 후 재무제표에 최종 반영됨. | AX78: 1. 검수완료후 취득전표는 경영지원팀 고정자산담당자가 전표 입력함. 2. 취득전표에 대한 검토 및 승인절차는 별도로 구비되어 있지 아니함. | BA78: O | BC78: 고정자산 취득 전표 | BD78: A | BE78: 2 | BF78: 【문서검사】 1. 표본기간 중 고정자산 취득 전표를 모집단으로 하여 표본수에 해당하는 표본을 추출한다. 2. 표본으로 선정된 고정자산 취득 전표와 관련 증빙(품의서, 계약서, 품의서 등)이 일치여부를 확인한다. 3. 고정자산 취득 전표는 적절한 승인권자의 승인을 받았는지 확인한다. | BG78: 경영지원팀 전결권자 | BH78: RCM상 '관련 정책 및 문서'를 확인한 결과 통제활동은 해당 정책과 연계되어 있음을 확인함. | BI78: RCM상 기재된 관련 통제위험을 감소시킬수 있도록 통제가 효과적으로 설계 되었음 | BJ78: 예외사항은 해당 통제의 수행시 오류가 발생할 경우로 정의하며, 추가절차를 위해 별도로 설정한 threshold는 없으며, 예외사항 발생시 즉시 추가적인 절차를 취하도록 설계됨. | BK78: 통제를 수행하는데 사용된 정보에 대한 컨트롤이 적절히 수행되고 있음. | BL78: 해당 사업연도 초에 통제가 설계되었으며, 설계이후 해당 통제의 수행기간은 충분하다고 판단됨. | BM78: 업무경험과 교육이수 등을 고려할 때 통제 수행자의 적격성은 충분함 | BN78: 본 통제활동에서 다루는 유형자산 취득 관련 기록과 승인절차는 거래의 연간 발생 빈도 및 중요도를 고려하여 주기를 Q로 설정하였으며 통제 수행빈도는 해당 위험의 적시 예방 적발을 위해 적절하다고 판단됨. | BO78: 해당 통제와 관련한 중요한 위험인 [유형자산 취득 거래에 대한 기표가 정확하지 않음으로써 회사의 재무제표가 왜곡 표시될 위험. ]에 대해 완전히 고려되고 있음. | BQ78: O | BS78: O
A79: 2 | B79: FA | C79: 고정자산관리 | D79: FA-020 | E79: 상각비 관리 | F79: FA-020-10 | G79: FA-020-10-10 | H79: 이단비 | I79: 정확하지 않은 상각비는 일반관리비 및 유형자산의 처분손익의 왜곡을 초래할 위험. | J79: Low | K79: Low | L79: high | M79: Low | N79: Low | O79: LR | P79: 상각비 계산은 정확하게 수행되어야 한다. | Q79: 상각비의 정확성 | R79: 상각비는 정확하게 계산되어야 하고, 정확성을 확보할 수 있도록 적절한 검토가 이루어져야 한다. | S79: Yes | U79: O | X79: O | Z79: P | AA79: M | AF79: O | AH79: O | AI79: 토지, 건물, 차량운반구, 비품, 시설장치, 특허권, 감가상각비, 무형자산상각비 | AJ79: Q | AK79: N/A | AL79: 더존 | AM79: N/A | AN79: H | AO79: L | AP79: L | AQ79: L | AR79: H | AS79: H | AT79: L | AU79: L | AV79: Not Higher | AW79: 1. 경영지원팀 고정자산담당자는 ERP에 등록된 고정자산 정보를 토대로 별도의 Excel파일로 감가상각비를 계산하여 ERP(더존)의 감가상각비와 대사를 실시함. 2. 적절한 상위권자가 ERP의 감가상각비대장과 Excel파일로 계산된 감가상각비와 일치하는지 확인하고 전표를 승인함. | AX79: 1. ERP에 등록된 고정자산 정보에 따라 별도의 Excel파일로 검증을 수행하고 있지 아니함. 2. 감가상각비는 더존에서 자동으로 계산되며, 감가상각비 전표에 대한 검토 및 승인절차는 별도로 구비되어 있지 아니함. | BA79: O | BC79: 감가상각비 전표 | BD79: A | BE79: 2 | BF79: 【문서검사】 1. 표본기간 중 감가상각비 결산 전표를 모집단으로 하여 표본수에 해당하는 표본을 추출한다. 2. 표본으로 선정된 감가상각비 전표 상 감가상각비가 감가상각비 엑셀파일과 일치하는지 확인한다. 3. 감가상각비 전표가 적절한 상위권자의 승인을 받았는지 확인한다. | BG79: 경영지원팀내 고정자산담당자 | BH79: RCM상 '관련 정책 및 문서'를 확인한 결과 통제활동은 해당 정책과 연계되어 있음을 확인함. | BI79: RCM상 기재된 관련 통제위험을 감소시킬수 있도록 통제가 효과적으로 설계 되었음 | BJ79: 예외사항은 해당 통제의 수행시 오류가 발생할 경우로 정의하며, 추가절차를 위해 별도로 설정한 threshold는 없으며, 예외사항 발생시 즉시 추가적인 절차를 취하도록 설계됨. | BK79: 통제를 수행하는데 사용된 정보에 대한 컨트롤이 적절히 수행되고 있음. | BL79: 해당 사업연도 초에 통제가 설계되었으며, 설계이후 해당 통제의 수행기간은 충분하다고 판단됨. | BM79: 업무경험과 교육이수 등을 고려할 때 통제 수행자의 적격성은 충분함 | BN79: 본 통제활동에서 다루는 상각비의 정확성는 거래의 연간 발생 빈도 및 중요도를 고려하여 주기를 Q로 설정하였으며 통제 수행빈도는 해당 위험의 적시 예방 적발을 위해 적절하다고 판단됨. | BO79: 해당 통제와 관련한 중요한 위험인 [정확하지 않은 상각비는 일반관리비 및 유형자산의 처분손익의 왜곡을 초래할 위험. ]에 대해 완전히 고려되고 있음. | BQ79: O | BS79: O | BW79: 감가상각비 검증 및 승인절차 | BX79: [현황] 감가상각비에 대한 결산전표는 더존에서 자동 계산되고 있으나 고정자산담당자가 엑셀파일을 통한 재계산검증을 수행하고 있지 아니함. [잠재적위험] 감가상각비가 정확하지 않게 계산되어 재무제표에 왜곡이 발생할 위험 | BY79: 1. 고정자산담당자는 엑셀파일로 감가상각비에 대한 재계산검증을 실시하여 ERP에서 자동계산되는 감가상각비대장과 일치하는지 여부에 대한 검토 프로세스를 개선할 것을 권고함. 2. 상위권자가 감가상각비계산내역을 확인하고 감가상각비의 총액이 전표의 감가상각비 총액과 일치하는지, 상각비 산출의 근거가 되는 내용연수와 대상자산의 취득원가, 취득일 등의 기초정보가 정확하게 기재되었는지 검토 후 승인하는 프로세스를 개선할 것을 권고함
A80: 1 | B80: FA | C80: 고정자산관리 | D80: FA-030 | E80: 처분 관리 | F80: FA-030-20 | G80: FA-030-20-10 | H80: 이단비 | I80: 고정자산 처분에 대한 기표가 정확하지 않음으로써 회사의 재무제표가 왜곡 표시될 위험. | J80: Low | K80: Low | L80: high | M80: Low | N80: Low | O80: LR | P80: 고정자산 처분거래 결과는 완전하고, 정확하게 그리고 적시에 기록되어야 한다. | Q80: 고정자산 처분 관련 기록 및 승인절차 | R80: 고정자산 처분관련 거래는 정확하게 기록되고 권한있는 승인권자의 승인을 득한 후 기록되어야 한다. | S80: Yes | T80: O | U80: O | W80: O | X80: O | Z80: P | AA80: M | AB80: O | AC80: O | AD80: O | AG80: O | AI80: 토지, 건물, 차량운반구, 비품, 시설장치, 특허권, 감가상각비, 무형자산상각비, 유형자산처분손익, 무형자산처분손익 | AJ80: A | AK80: N/A | AL80: 더존 | AM80: N/A | AN80: L | AO80: L | AP80: L | AQ80: L | AR80: L | AS80: H | AT80: L | AU80: L | AV80: Not Higher | AW80: 1. 처분거래는 경영본부 고정자산담당자가 전표 입력함. 2. 고정자산담당자가 회계시스템에 입력한 전표는 상위권자의 검토 및 승인을 득한 후 재무제표에 최종 반영됨. | AX80: 1. 처분거래는 경영본부 고정자산담당자가 전표 입력함. 2. 처분전표에 대한 검토 및 승인절차는 별도로 구비되어 있지 아니함. | BA80: O | BC80: 고정자산 처분전표 | BD80: A | BE80: 1 | BF80: 【질문 및 문서검사】 1. 표본기간 중 고정자산 처분 전표를 모집단으로 하여 표본수에 해당하는 표본을 추출한다. 2. 고정자산 처분내역 중 일부 항목을 샘플링하여 처분품의서와 처분전표 내용이 일치하고, 처분전표는 상위권자가 승인을 하였는지 확인한다. | BG80: 경영지원팀 전결권자 | BH80: RCM상 '관련 정책 및 문서'를 확인한 결과 통제활동은 해당 정책과 연계되어 있음을 확인함. | BI80: RCM상 기재된 관련 통제위험을 감소시킬수 있도록 통제가 효과적으로 설계 되었음 | BJ80: 예외사항은 해당 통제의 수행시 오류가 발생할 경우로 정의하며, 추가절차를 위해 별도로 설정한 threshold는 없으며, 예외사항 발생시 즉시 추가적인 절차를 취하도록 설계됨. | BK80: 통제를 수행하는데 사용된 정보에 대한 컨트롤이 적절히 수행되고 있음. | BL80: 해당 사업연도 초에 통제가 설계되었으며, 설계이후 해당 통제의 수행기간은 충분하다고 판단됨. | BM80: 업무경험과 교육이수 등을 고려할 때 통제 수행자의 적격성은 충분함 | BN80: 본 통제활동에서 다루는 고정자산 처분 관련 기록 및 승인절차는 거래의 연간 발생 빈도 및 중요도를 고려하여 주기를 A로 설정하였으며 통제 수행빈도는 해당 위험의 적시 예방 적발을 위해 적절하다고 판단됨. | BO80: 해당 통제와 관련한 중요한 위험인 [고정자산 처분에 대한 기표가 정확하지 않음으로써 회사의 재무제표가 왜곡 표시될 위험. ]에 대해 완전히 고려되고 있음. | BQ80: O | BS80: O
A81: 1 | B81: FA | C81: 고정자산관리 | D81: FA-040 | E81: 유지보수 관리 | F81: FA-040-10 | G81: FA-040-10-10 | H81: 이단비 | I81: 유형자산의 유지보수거래가 적시에 정확하게 기록하지 않을 경우 재무제표가 왜곡 및 수선이력이 적절히 관리되지 않을 위험. | J81: high | K81: Low | L81: Low | M81: Low | N81: Low | O81: LR | P81: 모든 고정자산 유지보수거래는 완전하고, 정확하게 그리고 적시에 기록된다. | Q81: 자산성 및 자본적/수익적 지출의 검토 | R81: 자산의 자산성 및 자본적/수익적 지출의 분류는 회계정책에 따라 적절하게 분류되었는지 검토되어야 한다. | S81: Yes | T81: O | U81: O | X81: O | Z81: P | AA81: M | AF81: O | AI81: 토지, 건물, 차량운반구, 비품, 시설장치, 특허권, 감가상각비, 무형자산상각비 | AJ81: A | AK81: N/A | AL81: 더존 | AM81: N/A | AN81: L | AO81: L | AP81: L | AQ81: L | AR81: L | AS81: L | AT81: L | AU81: L | AV81: Not Higher | AW81: 1. 고정자산 관련 지출과 관련하여 자산분류기준(자본적/수익적 지출)에 대한 결정은 경영본부에서 진행하며 자산의 성격, 취득가액 등을 고려하여 자본적/수익적 지출로 처리할지에 대해 판단하고 있음. | AX81: 1. 고정자산 관련 지출과 관련하여 자산분류기준(자본적/수익적 지출)에 대한 결정은 경영지원팀에서 진행하며 자산의 성격, 취득가액 등을 고려하여 자본적/수익적 지출로 처리할지에 대해 판단하고 있음. | BA81: O | BC81: 소모품비, 수선비 전표 | BD81: Q | BE81: 1 | BF81: 【질문 및 문서검사】 1. 자산분류기준 (자본적/수익적 지출) 에 대해 질문하고, 기업회계기준과 일치하는지 질문한다. 2. 표본기간 중 소보품비, 수선비 전표를 모집단으로 하여 표본수에 해당하는 표본을 추출한다. 3. 표본으로 선정된 소모품비, 수선비 전표에 대하여 수익적지출이 기업회계기준에 따라 적절하게 분류되었는지 확인한다. | BG81: 경영지원팀내 고정자산담당자 | BH81: RCM상 '관련 정책 및 문서'를 확인한 결과 통제활동은 해당 정책과 연계되어 있음을 확인함. | BI81: RCM상 기재된 관련 통제위험을 감소시킬수 있도록 통제가 효과적으로 설계 되었음 | BJ81: 예외사항은 해당 통제의 수행시 오류가 발생할 경우로 정의하며, 추가절차를 위해 별도로 설정한 threshold는 없으며, 예외사항 발생시 즉시 추가적인 절차를 취하도록 설계됨. | BK81: 통제를 수행하는데 사용된 정보에 대한 컨트롤이 적절히 수행되고 있음. | BL81: 해당 사업연도 초에 통제가 설계되었으며, 설계이후 해당 통제의 수행기간은 충분하다고 판단됨. | BM81: 업무경험과 교육이수 등을 고려할 때 통제 수행자의 적격성은 충분함 | BN81: 본 통제활동에서 다루는 자산성 및 자본적/수익적 지출의 검토는 거래의 연간 발생 빈도 및 중요도를 고려하여 주기를 A로 설정하였으며 통제 수행빈도는 해당 위험의 적시 예방 적발을 위해 적절하다고 판단됨. | BO81: 해당 통제와 관련한 중요한 위험인 [유형자산의 유지보수거래가 적시에 정확하게 기록하지 않을 경우 재무제표가 왜곡 및 수선이력이 적절히 관리되지 않을 위험. ]에 대해 완전히 고려되고 있음. | BQ81: O | BS81: O
A82: 1 | B82: FA | C82: 고정자산관리 | D82: FA-040 | E82: 유지보수 관리 | F82: FA-040-30 | G82: FA-040-30-10 | H82: 유헌종 | I82: 고정자산이 적절하게 보호되지 않는다면 도난, 화재 등의 재난에 의해서 큰 손실이 발생할 위험. | J82: Low | K82: high | L82: Low | M82: Low | N82: Low | O82: LR | P82: 고정자산은 적절하게 보호되어야 한다. | Q82: 고정자산의 식별 | R82: 고정자산은 해당 자산을 정확하게 식별할 수 있도록 식별표(Tag)가 부여되어 관리되어야 한다. | S82: Yes | U82: O | W82: O | X82: O | Z82: P | AA82: M | AB82: O | AC82: O | AE82: O | AI82: 토지, 건물, 차량운반구, 비품, 시설장치, 특허권, 감가상각비, 무형자산상각비 | AJ82: A | AK82: N/A | AL82: 더존 | AM82: N/A | AN82: L | AO82: H | AP82: H | AQ82: L | AR82: L | AS82: H | AT82: L | AU82: L | AV82: Not Higher | AW82: 1. 고정자산 취득 시 총무팀에서 Tag를 부착하여 관리하고 있으며, 해당 Tag에는 고유번호를 부여하고 ERP시스템 자산등록시 해당번호와 일치하도록 관리하고 있음. | AX82: 1. 고정자산 취득 시 총무팀에서 Tag를 부착하여 관리하고 있으며, 해당 Tag에는 고유번호를 부여하고 ERP시스템 자산등록시 해당번호와 일치하도록 관리하고 있음. | BA82: O | BC82: 고정자산관리대장 | BD82: A | BE82: 1 | BF82: 【질문 및 문서검사】 1. 자산관리번호를 부여하는 방법을 질문한다. 2. 고정자산 관리대장에서 일부 항목을 추출하여 실제 자산에 자산관리번호가 부착되어있는지, Tag에 있는 정보가 고정자산 대장과 일치하는지 확인한다. | BG82: 경영지원팀내 고정자산담당자 | BH82: RCM상 '관련 정책 및 문서'를 확인한 결과 통제활동은 해당 정책과 연계되어 있음을 확인함. | BI82: RCM상 기재된 관련 통제위험을 감소시킬수 있도록 통제가 효과적으로 설계 되었음 | BJ82: 예외사항은 해당 통제의 수행시 오류가 발생할 경우로 정의하며, 추가절차를 위해 별도로 설정한 threshold는 없으며, 예외사항 발생시 즉시 추가적인 절차를 취하도록 설계됨. | BK82: 통제를 수행하는데 사용된 정보에 대한 컨트롤이 적절히 수행되고 있음. | BL82: 해당 사업연도 초에 통제가 설계되었으며, 설계이후 해당 통제의 수행기간은 충분하다고 판단됨. | BM82: 업무경험과 교육이수 등을 고려할 때 통제 수행자의 적격성은 충분함 | BN82: 본 통제활동에서 다루는 고정자산의 식별는 거래의 연간 발생 빈도 및 중요도를 고려하여 주기를 A로 설정하였으며 통제 수행빈도는 해당 위험의 적시 예방 적발을 위해 적절하다고 판단됨. | BO82: 해당 통제와 관련한 중요한 위험인 [고정자산이 적절하게 보호되지 않는다면 도난, 화재 등의 재난에 의해서 큰 손실이 발생할 위험. ]에 대해 완전히 고려되고 있음. | BQ82: O | BS82: O
A83: 2 | B83: FA | C83: 고정자산관리 | D83: FA-050 | E83: 리스관리 | F83: FA-050-10 | G83: FA-050-10-10 | H83: 유헌종 이단비 | I83: 리스 관련 회계처리가 정확하고 완전하게 기록되지 않을 위험 | J83: high | K83: Low | L83: Low | M83: Low | N83: Low | O83: LR | P83: 리스 결산전표는 정확하고 완전하게 기록된다. | Q83: 리스에 대한 검토 및 승인 | R83: 전결권자는 리스 관련 조정분개(사용권자산, 리스부채, 이자비용, 유동성대체 등)가 정확하게 계산되었는지 검토하고 리스조정 전표를 승인한다. | S83: Yes | T83: O | U83: O | X83: O | Z83: P | AA83: M | AB83: O | AC83: O | AE83: O | AF83: O | AH83: O | AI83: 사용권자산, 리스부채, 사용권자산상각비, 이자비용 | AJ83: Q | AK83: Y | AL83: 더존 | AM83: 리스템플릿(엑셀파일) | AN83: L | AO83: H | AP83: H | AQ83: L | AR83: L | AS83: H | AT83: L | AU83: L | AV83: Not Higher | AW83: 1. 전결권자는 담당자가 작성한 리스관련 회계전표와 첨부된 검증내역 대해 다음의 관점에서 검토 후 승인한다. - 리스대상 임대차계약의 내용의 관련 리스계약서상의 내용과 일치하는지를 확인 - 회계처리에 사용된 리스스케쥴표가 최초 리스계산시 사용된 스케쥴표와 변경되었는지 여부에 대한 확인 - 계산에 있어 사용된 로직의 변경사항이 존재하는지와 산출된 계산내역이 적절한지를 확인 | AX83: 리스와 관련한 프로세스는 현재 별도로 존재하지 않음 | BA83: O | BC83: 리스결산전표 | BD83: A | BE83: 2 | BF83: 【문서검사】 1. 표본기간 중 리스 결산전표를 모집단으로 하여 표본수에 해당하는 표본을 추출한다. 2. 표본으로 선정된 리스 결산전표 상 사용권자산, 리스부채, 이자비용 등의 금액과 고정자산 담당자가 작성한 리스 엑셀파일이 일치하는지 확인한다. 3. 리스 결산전표가 적절한 상위권자의 승인을 받았는지 확인한다. | BG83: 경영지원팀 전결권자 | BH83: RCM상 '관련 정책 및 문서'를 확인한 결과 통제활동은 해당 정책과 연계되어 있음을 확인함. | BI83: RCM상 기재된 관련 통제위험을 감소시킬수 있도록 통제가 효과적으로 설계 되었음 | BJ83: 예외사항은 해당 통제의 수행시 오류가 발생할 경우로 정의하며, 추가절차를 위해 별도로 설정한 threshold는 없으며, 예외사항 발생시 즉시 추가적인 절차를 취하도록 설계됨. | BK83: 통제를 수행하는데 사용된 정보에 대한 컨트롤이 적절히 수행되고 있음. | BL83: 해당 사업연도 초에 통제가 설계되었으며, 설계이후 해당 통제의 수행기간은 충분하다고 판단됨. | BM83: 업무경험과 교육이수 등을 고려할 때 통제 수행자의 적격성은 충분함 | BN83: 본 통제활동에서 다루는 리스에 대한 검토 및 승인는 거래의 연간 발생 빈도 및 중요도를 고려하여 주기를 Q로 설정하였으며 통제 수행빈도는 해당 위험의 적시 예방 적발을 위해 적절하다고 판단됨. | BO83: 해당 통제와 관련한 중요한 위험인 [리스 관련 회계처리가 정확하고 완전하게 기록되지 않을 위험 ]에 대해 완전히 고려되고 있음. | BQ83: O | BS83: O | BW83: 리스에 대한 검증 및 승인절차 | BX83: [현황] 리스에 대한 계산은 별도의 엑셀파일로 계산되고 있으나 상위권자에 의한 검토 및 승인절차가 구비되어 있지 안함. [잠재적위험] 리스 전표가 부적절하게 기표되어 재무제표에 왜곡이 발생할 위험 | BY83: 상위권자가 리스 계산내역을 확인하고 리스전표와 리스계산파일 상 사용권자산, 리스부채가 일치하는지 검토 후 승인하는 프로세스를 개선할 것을 권고함.
A84: 10 | B84: EX | C84: 경비관리 | D84: EX-010 | E84: 일반비용지출 | F84: EX-010-10 | G84: EX-010-10-10 | H84: 채새롬 | I84: 미승인 경비가 반영되어 비용이 과대계상될 위험 | J84: Low | K84: Low | L84: Low | M84: Low | N84: Low | O84: LR | P84: 승인받은 경비만 장부에 반영되어야 한다. | Q84: 지출결의서 승인 | R84: 각 부서에서 발생한 비용은 전결규정에 전결권자의 승을 득한다. | S84: Yes | T84: O | Z84: P | AA84: M | AF84: O | AG84: O | AH84: O | AI84: 판매관리비 | AJ84: O | AK84: N/A | AL84: N/A | AM84: N/A | AN84: L | AO84: L | AP84: L | AQ84: L | AR84: L | AS84: L | AT84: L | AU84: L | AV84: Not Higher | AW84: 1. 세금계산서 미발행분 (1) 각 부서에서 법인카드 등을 사용하여 경비 집행 후, 각 담당자는 월1회 지출결의서를 작성한다. (2) 작성된 지출결의서에 소속 팀장의 승인을 득한 후, 경영지원팀으로 이관된다. (3) 경영지원팀에서는 승인된 지출결의서 및 관련 영수증을 참고하여 경비 전표를 입력한다. 2. 세금계산서 발행분 (1) 각 부서에서 경비 발생 전에 품의서를 작성한다. (2) 작성된 품의서는 전결권자의 승인을 득한다. (3) 경영지원팀에서는 발행된 세금계산성와 승인된 품의서를 대사하여 경비 전표를 입력한다. | AX84: 1. 세금계산서 미발행분 (1) 각 부서에서 법인카드 등을 사용하여 경비 집행 후, 각 담당자는 월1회 지출결의서를 작성한다. (2) 작성된 지출결의서에 소속 팀장의 승인을 득한 후, 경영지원팀으로 이관된다. 다만, 팀장이 사용한 경비에 대해서는 별도의 지출결의서 작성절차는 구비되어 있지 않다. (3) 경영지원팀에서는 승인된 지출결의서 및 관련 영수증을 참고하여 경비 전표를 입력한다. 2. 세금계산서 발행분 (1) 각 부서에서 경비 발생 전에 품의서를 작성한다. (2) 작성된 품의서는 전결권자의 승인을 득한다. (3) 경영지원팀에서는 발행된 세금계산성와 승인된 품의서를 대사하여 경비 전표를 입력한다. | BA84: O | BC84: 판매관리비 원장 | BD84: A | BE84: 10 | BF84: 【문서검사】 1. 표본기간 중 판매관리비 원장을 모집단으로 하여 표본수에 해당하는 표본을 추출한다. 2. 선정된 표본에 대해 지출결의서가 작성되고 전결권자의 승인을 받았는지 확인한다. | BG84: 각 부서 전결권자 | BH84: RCM상 '관련 정책 및 문서'를 확인한 결과 통제활동은 해당 정책과 연계되어 있음을 확인함. | BI84: RCM상 기재된 관련 통제위험을 감소시킬수 있도록 통제가 효과적으로 설계 되었음 | BJ84: 예외사항은 해당 통제의 수행시 오류가 발생할 경우로 정의하며, 추가절차를 위해 별도로 설정한 threshold는 없으며, 예외사항 발생시 즉시 추가적인 절차를 취하도록 설계됨. | BK84: 통제를 수행하는데 사용된 정보에 대한 컨트롤이 적절히 수행되고 있음. | BL84: 해당 사업연도 초에 통제가 설계되었으며, 설계이후 해당 통제의 수행기간은 충분하다고 판단됨. | BM84: 업무경험과 교육이수 등을 고려할 때 통제 수행자의 적격성은 충분함 | BN84: 본 통제활동에서 다루는 지출결의서 승인는 거래의 연간 발생 빈도 및 중요도를 고려하여 주기를 O로 설정하였으며 통제 수행빈도는 해당 위험의 적시 예방 적발을 위해 적절하다고 판단됨. | BO84: 해당 통제와 관련한 중요한 위험인 [미승인 경비가 반영되어 비용이 과대계상될 위험 ]에 대해 완전히 고려되고 있음. | BQ84: O | BS84: O | BW84: 1. 지출결의서의 작성 2. 사적경비의 지출 제한 | BX84: 1. 지출결의서의 작성 [현황] 사용한 경비에 대해서 각 부서에서는 지출결의서를 작성하여 소속 부서 팀장의 승인을 받고 있으나, 팀장의 경우에는 지출결의서를 작성하고 있지 아니함. [잠재적위험] 지출결의서 작성 및 승인이 이루어지지 않을 경우, 부당한 경비의 집행이 발생하거나 적절한 계정과목으로 회계처리되지 않아 재무제표가 왜곡표시될 위험이 존재함. 2. 사적경비의 지출 제한 [현황] 실제 발생비용을 초과하여 회사의 지원 한도까지 경비를 청구하고(스마트폰 비용의 경우 회사 지원한도까지 청구하여 지출이 이루어졌으나, 실제 발생비용 및 관련 증빙이 지원금액보다 적은 경우가 다수 존재) 승인 및 지출이 이루어지는 경우가 존재함. [잠재적위험] 실제 업무와 관련되지 않은 비용이 지출되는 경우 부당한 경비지출이 발생하는 것에 해당하고, 향후 세무상 리스크가 발생할 가능성이 존재함. | BY84: 1. 지출결의서의 작성 사전 품의 절차없이 집행되는 경비에 대해서는 모든 임직원이 지출결의서를 작성하여 전결권자의 승인을 받아야 하며, 적절한 계정과목으로 회계처리될 수 있도록 지출결의서에 계정과목 또는 적요가 기재되어야 함. 2. 사적경비의 지출 제한 실제 발생비용을 초과하여 지급되는 경비에 대해서 업무연관성을 입증하기 어려울 것으로 판단됨. 향후 세무조사 등에 있어 발생비용을 초과하여 직원에게 지급된 비용에 대해 경비가 아닌 급여성격으로 분류되어 개인의 소득세 및 회사의 원천징수와 관련한 추징이 발생할 가능성이 존재함. 스마트폰 사용 비용 등 유사한 항목의 경비에 대해 발생비용을 한도로 지급하도록 규정을 정비하고, 발생비용을 한도로 지급되는 비용에 대해서는 업무연관성을 입증할 수 있는 자료를 구비하여야 함.
A85: 2 | B85: EX | C85: 경비관리 | D85: EX-010 | E85: 일반비용지출 | F85: EX-010-20 | G85: EX-010-20-10 | H85: 채새롬 | I85: 발생한 비용이 반영되지 않아 비용이 과소계상될 위험 | J85: Low | K85: Low | L85: Low | M85: Low | N85: Low | O85: LR | P85: 발생한 비용은 완전하게 반영되어야 한다. | Q85: 미정산리스트의 작성 | R85: 경영지원팀 담당자는 지출결의서를 작성하지 않은 미정상리스트를 작성한 후 각 부서에 통지하여 발생비용이 누락되지 않도록 관리한다. | S85: Yes | T85: O | X85: O | Z85: P | AA85: M | AG85: O | AI85: 판매관리비 | AJ85: M | AK85: N/A | AL85: N/A | AM85: N/A | AN85: L | AO85: L | AP85: L | AQ85: L | AR85: L | AS85: L | AT85: L | AU85: L | AV85: Not Higher | AW85: 1. 경영지원팀 담당자는 매월 제출기한까지 지출결의서를 제출하지 않은 임직원을 파악하여 미정산리스트를 작성한다. 2. 경영지원팀 담당자는 경영지원팀장에게 보고 후, 각 부서에 공지하여 월결산 마감 전까지 지출결의서가 작성될 수 있도록 한다. 3. 경영지원팀 담당자는 월 결산 마감 전에 미정산리스트 처리결과를 경영지원팀장에게 보고한다. | AX85: N/A | BA85: O | BC85: 미정산리스트 | BD85: A | BE85: 2 | BF85: 【문서검사】 1. 표본기간 중 미정산리스트를 모집단으로 하여 표본수에 해당하는 특정월을 표본으로 추출한다. 2. 미정산리스트가 각 부서에 공지되었는지, 미정산리스트 처리결과가 경영지원팀장에게 보고되었는지 확인한다. | BG85: 경영지원팀 전결권자 | BH85: RCM상 '관련 정책 및 문서'를 확인한 결과 통제활동은 해당 정책과 연계되어 있음을 확인함. | BI85: RCM상 기재된 관련 통제위험을 감소시킬수 있도록 통제가 효과적으로 설계 되었음 | BJ85: 예외사항은 해당 통제의 수행시 오류가 발생할 경우로 정의하며, 추가절차를 위해 별도로 설정한 threshold는 없으며, 예외사항 발생시 즉시 추가적인 절차를 취하도록 설계됨. | BK85: 통제를 수행하는데 사용된 정보에 대한 컨트롤이 적절히 수행되고 있음. | BL85: 해당 사업연도 초에 통제가 설계되었으며, 설계이후 해당 통제의 수행기간은 충분하다고 판단됨. | BM85: 업무경험과 교육이수 등을 고려할 때 통제 수행자의 적격성은 충분함 | BN85: 본 통제활동에서 다루는 미정산리스트의 작성는 거래의 연간 발생 빈도 및 중요도를 고려하여 주기를 M로 설정하였으며 통제 수행빈도는 해당 위험의 적시 예방 적발을 위해 적절하다고 판단됨. | BO85: 해당 통제와 관련한 중요한 위험인 [발생한 비용이 반영되지 않아 비용이 과소계상될 위험 ]에 대해 완전히 고려되고 있음. | BQ85: O | BS85: O | BW85: 미정산리스트의 작성 | BX85: [현황] 지출결의서 지연 작성에 대한 관리절차가 구비되어 있지 아니함. [잠재적 위험] 지출결의서 지연 작성에 대한 관리절차가 구비되어 있지 않아 발생한 경비가 적시에 회계처리되지 않을 위험이 존재함. | BY85: 발생한 경비를 적시에 회계처리하기 위한 다음과 같은 절차의 도입이 필요함. - 지출결의서 작성 및 승인 일정에 대한 명문화 - 기한내에 지출결의서를 작성하지 않은 미정산리스트의 작성 및 각 부서에의 공지 - 미정산리스트 처리결과에 대한 보고
A86: 1 | B86: EX | C86: 경비관리 | D86: EX-010 | E86: 일반비용지출 | F86: EX-010-30 | G86: EX-010-30-10 | H86: 솔루션사업팀 | I86: 발생한 판매수수료가 발영되지 않아 비용이 과소계상될 위험 | J86: Low | K86: Low | L86: Low | M86: Low | N86: Low | O86: LR | P86: 발생비용은 적절한 담당자에 의해 검토받아야 한다. | Q86: 판매수수료정산파일의 작성 | R86: 영업팀에서 작성한 판매수수료정산파일을 검토하여 누락된 판매수수료 유무를 검토한다. | S86: Yes | X86: O | Z86: P | AA86: M | AF86: O | AG86: O | AI86: 판매관리비 | AJ86: A | AK86: N/A | AL86: N/A | AM86: N/A | AN86: L | AO86: L | AP86: L | AQ86: L | AR86: L | AS86: L | AT86: L | AU86: L | AV86: Not Higher | AW86: 1. 영업팀 담당자는 판매수수료 지급대상 매출과 판매수수료 관련 정보를 기재한 판매수수료정산파일을 작성한다. 2. 경영지원팀에서는 판매수수료정산파일을 검토하여 판매수수료가 발생하였으나, 세금계산서가 발행되지 않아 누락된 비용이 없는지 확인하고, 판매수수료 전표를 입력한다. | AX86: 1. 영업팀 담당자는 판매수수료 지급대상 매출과 판매수수료 관련 정보를 기재한 판매수수료정산파일을 작성한다. 2. 경영지원팀에서는 판매수수료정산파일을 검토하여 판매수수료가 발생하였으나, 세금계산서가 발행되지 않아 누락된 비용이 없는지 확인하고, 판매수수료 전표를 입력한다. | BA86: O | BD86: A | BE86: 1 | BF86: 【문서검사】 1. 표본기간 중 연도말 결산시점에 영업팀에서 판매수수료 정산파일을 작성하였는지 확인한다. 2. 경영지원팀이 영업팀에서 작성한 판매수수료정산파일을 검토하여 세금계산서미발행 건에 대해 판매수수료 전표를 작성하였는지 확인한다. | BG86: 경영지원팀 전결권자 | BH86: RCM상 '관련 정책 및 문서'를 확인한 결과 통제활동은 해당 정책과 연계되어 있음을 확인함. | BI86: RCM상 기재된 관련 통제위험을 감소시킬수 있도록 통제가 효과적으로 설계 되었음 | BJ86: 예외사항은 해당 통제의 수행시 오류가 발생할 경우로 정의하며, 추가절차를 위해 별도로 설정한 threshold는 없으며, 예외사항 발생시 즉시 추가적인 절차를 취하도록 설계됨. | BK86: 통제를 수행하는데 사용된 정보에 대한 컨트롤이 적절히 수행되고 있음. | BL86: 해당 사업연도 초에 통제가 설계되었으며, 설계이후 해당 통제의 수행기간은 충분하다고 판단됨. | BM86: 업무경험과 교육이수 등을 고려할 때 통제 수행자의 적격성은 충분함 | BN86: 본 통제활동에서 다루는 판매수수료정산파일의 작성는 거래의 연간 발생 빈도 및 중요도를 고려하여 주기를 A로 설정하였으며 통제 수행빈도는 해당 위험의 적시 예방 적발을 위해 적절하다고 판단됨. | BO86: 해당 통제와 관련한 중요한 위험인 [발생한 판매수수료가 발영되지 않아 비용이 과소계상될 위험 ]에 대해 완전히 고려되고 있음. | BQ86: O | BS86: O
A87: 1 | B87: FR | C87: 재무결산과 보고 | D87: FR-010 | E87: 재무결산과 보고절차의 수립 | F87: FR-010-10 | G87: FR-010-10-10 | H87: 노정희 | I87: 정확한 결산업무의 수행을 위한 결산업무규정, 결산업무분장표 및 결산일정별 결산체크리스트는 적정히 구비되고 업무분장되어야 한다. | J87: high | K87: high | L87: Low | M87: high | N87: high | O87: HR | P87: 필요한 결산절차의 누락 및 오류 등에 의하여 결산이 체계적으로 이루어지지 못할 위험 | Q87: 결산규정의 구비 | R87: 결산업무규정 및 결산절차규정은 사전에 구체적으로 정립되어 있어야 하며, 결산업무분장 및 결산체크리스트를 통해 결산의 과정이 진행되어야 한다. | S87: Yes | T87: O | W87: O | Y87: O | Z87: P | AA87: M | AC87: O | AE87: O | AF87: O | AG87: O | AH87: O | AI87: 전 계정 | AJ87: A | AK87: N/A | AL87: N/A | AM87: N/A | AN87: L | AO87: L | AP87: H | AQ87: L | AR87: L | AS87: H | AT87: L | AU87: L | AV87: Not Higher | AW87: 1. 별도의 결산규정을 보유하고 있으며, 결산규정은 결산환경 변경 등을 반영하여 주기적으로 UPDATE됨. 2. 결산규정은 결산체크리스트(결산일정포함) 및 업무분장표를 포함하고 있음. 3. 결산규정은 다음과 같이 구성이 이루어짐. 가. 결산체제 - 결산스케쥴 및 결산업무분담, 기업회계기준의 준용을 명시하는 결산방침, 세무회계, 결산담당자의 능력개발 등 나. 결산처리 - 결산정보의 입수, 전표처리, 결산서의 작성 및 승인 등 다. 결산보고 - 결산보고 대상의 정의 라. 결산보고절차 - 결산재무제표 및 보고서의 보고요령 | AX87: 1. 회사는 별도의 결산관련 규정 및 회계처리지침을 보유하고 있지 않음. 2. 결산관련 업무는 구두 및 협의를 통해 업무배정 및 관리가 이루어지고 있음. 3. 회계사무소로부터 전달받은 결산 체크리스트를 활용하여 완전성 검토를 수행하며, 결산담당자가 수행후 담당이사가 검토함. | BA87: O | BC87: 결산체크리스트 및 업무분장표 | BD87: A | BE87: 1 | BF87: 【문서검사】 1. 표본기간 중의 결산체크리스트 및 업무분장표를 징구함. 2. 체크리스트 및 업무분장표가 최근현황과 일치하는지 확인함. | BG87: 경영지원팀내 회계담당자 | BH87: RCM상 '관련 정책 및 문서'를 확인한 결과 통제활동은 해당 정책과 연계되어 있음을 확인함. | BI87: RCM상 기재된 관련 통제위험을 감소시킬수 있도록 통제가 효과적으로 설계 되었음 | BJ87: 예외사항은 해당 통제의 수행시 오류가 발생할 경우로 정의하며, 추가절차를 위해 별도로 설정한 threshold는 없으며, 예외사항 발생시 즉시 추가적인 절차를 취하도록 설계됨. | BK87: 통제를 수행하는데 사용된 정보에 대한 컨트롤이 적절히 수행되고 있음. | BL87: 해당 사업연도 초에 통제가 설계되었으며, 설계이후 해당 통제의 수행기간은 충분하다고 판단됨. | BM87: 업무경험과 교육이수 등을 고려할 때 통제 수행자의 적격성은 충분함 | BN87: 본 통제활동에서 다루는 결산규정의 구비는 거래의 연간 발생 빈도 및 중요도를 고려하여 주기를 A로 설정하였으며 통제 수행빈도는 해당 위험의 적시 예방 적발을 위해 적절하다고 판단됨. | BO87: 해당 통제와 관련한 중요한 위험인 [정확한 결산업무의 수행을 위한 결산업무규정, 결산업무분장표 및 결산일정별 결산체크리스트는 적정히 구비되고 업무분장되어야 한다. ]에 대해 완전히 고려되고 있음. | BQ87: O | BS87: O | BW87: 회계처리(결산)규정의 수립 | BX87: [현황] 결산관련 업무는 회계사무소로부터 전달받은 결산 체크리스트를 활용하여 구두 및 협의를 통해 업무배정 및 관리가 이루어짐. [잠재적위험] 외부에서 만든 체크리스트는 회사의 현황을 적시에 반영하지 못하여 결산이 완전하지 못할 가능성이 있음. | BY87: 매 결산시 수행하여야 할 업무 Check-list를 구비(완전성)하고 적격성이 있는 자로 하여금 수행하도록 업무분장을 한다. 전기의 Check-list에 당기에 추가되는 결산사항을 Update하며 작성한 체크리스트는 작성자 이외의 업무참여자가 검토하도록 한다.
A88: 1 | B88: FR | C88: 재무결산과 보고 | D88: FR-020 | E88: 회계처리절차 및 계정원장관리 | F88: FR-020-10 | G88: FR-020-10-10 | H88: 채새롬 | I88: 모든 거래는 누락없이 정확하게 기록되어야 한다. | J88: high | K88: high | L88: high | M88: Low | N88: Low | O88: HR | P88: 재무제표에 영향을 미치는 정보의 중복, 누락 등으로 재무제표가 왜곡표시될 위험 | Q88: 승인된 계정과목의 적용 및 통제 | R88: 전표작성시 계정과목은 사전에 설정되어 있는 것 중 선택가능하여야 하며, 전표 작성자에 의하여 생성되거나 강제입력은 불가능하도록 설정되어 있어야 한다. | S88: Yes | T88: O | U88: O | W88: O | Z88: P | AA88: M | AF88: O | AI88: 전 계정 | AJ88: A | AK88: N/A | AL88: 더존 | AM88: N/A | AN88: L | AO88: L | AP88: H | AQ88: L | AR88: L | AS88: L | AT88: H | AU88: L | AV88: Not Higher | AW88: 1. 회계전표 생성규칙(대상항목, 관련내용) 등을 업무매뉴얼로 정의하고 있으며, 각 현업의 담당자는 동 계정과목정의에 근거하여 회계처리를 실시함. 2. 업무매뉴얼에 정의되지 않은 거래의 경우, 경영지원팀내 회계담당자의 검토 및 승인 후 회계전표 생성규칙을 갱신함. | AX88: 1. 모든 전표를 경영지원팀에서 직접 입력함에 따라 별도의 회계처리 매뉴얼은 구비되어 있지 않음. 2. 계정과목을 신규로 생성하는 경우에는 별도의 문서화된 승인절차나 관련 검토 프로세스 등은 존재하지 않음 3. 계정과목에 대한 신설 변경 및 삭제 등은 경영지원팀만이 수행할 수 있도록 설정되어 있음. | BA88: O | BC88: 총계정원장/계정과목 마스터 | BD88: A | BE88: 1 | BF88: 【문서검사】 1. 표본기간 중의 총계정원장과 계정과목 마스터를 징구함. 2. 표본기간 중 사전에 정의된 계정과목 이외에 사용한 임의의 계정과목의 존재여부를 확인함. | BG88: 경영지원팀내 회계담당자 | BH88: RCM상 '관련 정책 및 문서'를 확인한 결과 통제활동은 해당 정책과 연계되어 있음을 확인함. | BI88: RCM상 기재된 관련 통제위험을 감소시킬수 있도록 통제가 효과적으로 설계 되었음 | BJ88: 예외사항은 해당 통제의 수행시 오류가 발생할 경우로 정의하며, 추가절차를 위해 별도로 설정한 threshold는 없으며, 예외사항 발생시 즉시 추가적인 절차를 취하도록 설계됨. | BK88: 통제를 수행하는데 사용된 정보에 대한 컨트롤이 적절히 수행되고 있음. | BL88: 해당 사업연도 초에 통제가 설계되었으며, 설계이후 해당 통제의 수행기간은 충분하다고 판단됨. | BM88: 업무경험과 교육이수 등을 고려할 때 통제 수행자의 적격성은 충분함 | BN88: 본 통제활동에서 다루는 승인된 계정과목의 적용 및 통제는 거래의 연간 발생 빈도 및 중요도를 고려하여 주기를 A로 설정하였으며 통제 수행빈도는 해당 위험의 적시 예방 적발을 위해 적절하다고 판단됨. | BO88: 해당 통제와 관련한 중요한 위험인 [모든 거래는 누락없이 정확하게 기록되어야 한다. ]에 대해 완전히 고려되고 있음. | BQ88: O | BS88: O | BW88: 계정과목에 대한 사전정의 및 관리 | BX88: [현황] 별도의 회계처리 매뉴얼은 구비되어 있지 않고 새로운 계정과목 생성시 전결권자의 승인 없이 전표처리 함. [잠재적위험] 입퇴사자 발생시 계정과목 사용의 연속성이 낮아지며 전표 입력자에 따라 동일한 거래를 다른 계정과목으로 전표처리할 가능성이 있음. | BY88: 계정과목 및 업무별 지정분개를 업무매뉴얼로 구비하며 새로운 계정과목이나 회계처리가 필요한 경우 사전에 검토 후 승인 받는 절차를 구비한다.
A89: 7 | B89: FR | C89: 재무결산과 보고 | D89: FR-020 | E89: 회계처리절차 및 계정원장관리 | F89: FR-020-20 | G89: FR-020-20-20 | H89: 이단비 채새롬 | I89: 전표는 규정된 절차에 따른 검토 및 승인을 득하여 회계시스템에 반영되어야 한다. | J89: Low | K89: Low | L89: Low | M89: Low | N89: Low | O89: LR | P89: 승인되지 않은 거래의 전기로 인한 회계기록의 정당성 및 신뢰성이 저하될 위험 | Q89: 전표승인 및 심사의 업무분장 | R89: 특정부서에서 생성하고 승인된 전표는 권한있는 독립된 부서에 의하여 검토되고 심사되도록 업무분장 되어야 한다. | S89: Yes | T89: O | U89: O | X89: O | Y89: O | Z89: P | AA89: M | AB89: O | AC89: O | AG89: O | AI89: 전 계정 | AJ89: D | AK89: N/A | AL89: N/A | AM89: N/A | AN89: L | AO89: L | AP89: L | AQ89: L | AR89: L | AS89: L | AT89: L | AU89: L | AV89: Not Higher | AW89: 1. 경영지원팀 외에서 작성하는 전표에 대해서는 모두 경영지원팀에서 검토를 통해 승인등이 이루어지고 있음. 2. 전표에 대한 수정이 발생할 경우 수정에 대한 이력이 남도록 되어 있음(일자, 수정자, 시간 등). 3. 경영지원팀 담당자는 전표의 수정이 필요한 경우, 관련 전표의 승인을 보류하고, 각 현업담당자에게 문서형식으로 전표의 수정을 요청하고 있으며, 전표수정이 발생한 경우 기존전표와 수정된 전표 및 관련 수정요청내역과 함께 내부승인을 득하고 있음. | AX89: 1. 회사는 거래건별로 발생시 회계전표를 작성하고 있지 않으며. 세금계산서를 근거로 전표를 작성하고 있음. 2. 전표작성은 재무제표작성을 위한 목적으로 전표에 대한 별도의 승인절차 및 검토절차는 존재하지 않음. 3. 다만, 기중에 관리되고 있는 매출, 매입장, 일계표 등과의 일치여부를 통해 사후적으로 확인이 이루어짐 | BA89: O | BC89: 총계정원장 | BD89: A | BE89: 7 | BF89: 【문서검사】 1. 표본기간중 회계시스템상의 총계정원장에서 표본을 선정한다. 2. 해당 전표가 전결규정에 의한 승인을 득하고 있는지 확인한다. 3. 해당 전표의 작성자와 검토/승인자가 구분되어 있는지 확인한다. | BG89: 경영지원팀내 회계담당자 | BH89: RCM상 '관련 정책 및 문서'를 확인한 결과 통제활동은 해당 정책과 연계되어 있음을 확인함. | BI89: RCM상 기재된 관련 통제위험을 감소시킬수 있도록 통제가 효과적으로 설계 되었음 | BJ89: 예외사항은 해당 통제의 수행시 오류가 발생할 경우로 정의하며, 추가절차를 위해 별도로 설정한 threshold는 없으며, 예외사항 발생시 즉시 추가적인 절차를 취하도록 설계됨. | BK89: 통제를 수행하는데 사용된 정보에 대한 컨트롤이 적절히 수행되고 있음. | BL89: 해당 사업연도 초에 통제가 설계되었으며, 설계이후 해당 통제의 수행기간은 충분하다고 판단됨. | BM89: 업무경험과 교육이수 등을 고려할 때 통제 수행자의 적격성은 충분함 | BN89: 본 통제활동에서 다루는 전표승인 및 심사의 업무분장는 거래의 연간 발생 빈도 및 중요도를 고려하여 주기를 D로 설정하였으며 통제 수행빈도는 해당 위험의 적시 예방 적발을 위해 적절하다고 판단됨. | BO89: 해당 통제와 관련한 중요한 위험인 [전표는 규정된 절차에 따른 검토 및 승인을 득하여 회계시스템에 반영되어야 한다. ]에 대해 완전히 고려되고 있음. | BQ89: O | BS89: O | BW89: 전표이 작성 및 승인절차 구비 | BX89: [현황] 전표는 경영지원팀에서 입력하며 입력 후 검토 절차 등이 없음. [잠재적위험] 검토 및 승인 받지 아니한 전표 입력으로 인한 오류가 적시에 발견되지 않을 가능성이 있음. | BY89: 생성한 전표를 정기적으로 검토하여 회계처리의 오류를 적시에 발견 및 수정할 수 있는 절차를 구비한다.
A90: 7 | B90: FR | C90: 재무결산과 보고 | D90: FR-020 | E90: 회계처리절차 및 계정원장관리 | F90: FR-020-20 | G90: FR-020-20-30 | H90: 채새롬 | I90: 전표는 규정된 절차에 따른 검토 및 승인을 득하여 회계시스템에 반영되어야 한다. | J90: Low | K90: high | L90: Low | M90: Low | N90: Low | O90: LR | P90: 승인되지 않은 거래의 전기로 인한 회계기록의 정당성 및 신뢰성이 저하될 위험 | Q90: 전표 및 증빙의 구분보관 | R90: 승인된 전표와 증빙은 재사용을 막기 위하여 별도로 관리되며, 규정에 의한 전표보관기간에 따라 보관되어야 한다. | S90: Yes | V90: O | Y90: O | Z90: P | AA90: M | AB90: O | AG90: O | AI90: 전 계정 | AJ90: D | AK90: N/A | AL90: N/A | AM90: N/A | AN90: L | AO90: L | AP90: L | AQ90: L | AR90: L | AS90: L | AT90: L | AU90: L | AV90: Not Higher | AW90: 1. 승인된 전표는 아마란스상에 로그로 전부 기록되어 있음 2. 증빙의 재사용을 방지하기 위해, 법인카드 사용 내역은 카드사의 원 데이터를 그대로 끌어오는 형태이고, 통장 역시 은행의 데이터를 끌어오는 형태 개인이 사용한 비용의 경우에는 증빙을 첨부함 따라서 하나의 증빙을 여러 개의 전표에 사용 할 수 없는 시스템임. 또한 해당 전표의 검토 과정을 거쳐 승인이 이루어지고 있음 | AX90: 1. 회사는 세금계산서와 거래명세서를 각 건별로 취합하여 별도보관하고 있으며, 기타의 전표(일반 경비전표 등)는 지출결의서에 첨부하여 관리함. 2. 다만, 전표를 별도로 출력하여 관리하지 않으며, 전표에 대한 별도 승인절차를 수행하고 있지 않음. 3. 또한 증빙의 재사용을 방지하기 위하여 지출결의서 등에 지출일자 등을 기록함. | AY90: O | AZ90: O | BC90: 승인된 전표철 | BD90: A | BE90: 7 | BF90: 【질문 및 관찰】 1. 승인된 전표의 처리절차 및 보관절차에 대하여 질문한다. 2. 승인된 전표와 관련한 증빙이 기간별로 일련번호와 함께 보관되고 있는지 확인한다. | BG90: 경영지원팀내 회계담당자 | BH90: RCM상 '관련 정책 및 문서'를 확인한 결과 통제활동은 해당 정책과 연계되어 있음을 확인함. | BI90: RCM상 기재된 관련 통제위험을 감소시킬수 있도록 통제가 효과적으로 설계 되었음 | BJ90: 예외사항은 해당 통제의 수행시 오류가 발생할 경우로 정의하며, 추가절차를 위해 별도로 설정한 threshold는 없으며, 예외사항 발생시 즉시 추가적인 절차를 취하도록 설계됨. | BK90: 통제를 수행하는데 사용된 정보에 대한 컨트롤이 적절히 수행되고 있음. | BL90: 해당 사업연도 초에 통제가 설계되었으며, 설계이후 해당 통제의 수행기간은 충분하다고 판단됨. | BM90: 업무경험과 교육이수 등을 고려할 때 통제 수행자의 적격성은 충분함 | BN90: 본 통제활동에서 다루는 전표 및 증빙의 구분보관는 거래의 연간 발생 빈도 및 중요도를 고려하여 주기를 D로 설정하였으며 통제 수행빈도는 해당 위험의 적시 예방 적발을 위해 적절하다고 판단됨. | BO90: 해당 통제와 관련한 중요한 위험인 [전표는 규정된 절차에 따른 검토 및 승인을 득하여 회계시스템에 반영되어야 한다. ]에 대해 완전히 고려되고 있음. | BQ90: O | BS90: O | BW90: 증빙의 이중사용 방지 프로세스의 구비 | BX90: [현황] 회사는 세금계산서 발행 및 수취를 핵심통제로 관리하며 승인된 세금계산서를 토대로 전표작성하고 사용한 증빙과 전표는 별도로 분리하여 보관함. [잠재적위험] 핵심통제 수행이후 전표작성과 관련한 통제가 미흡하여 전표가 정확하고 완전하게 작성되지 않을 가능성. | BY90: 승인된 전표는 승인된 지출결의서와 함께 파일링하여 기간별로 일련번호와 함께 보관하는 절차를 구비한다. 기 사용된 증빙에 대하여는 사용완료된 증빙임을 명확히 하는 절차가 필요함
A91: 5 | B91: FR | C91: 재무결산과 보고 | D91: FR-020 | E91: 회계처리절차 및 계정원장관리 | F91: FR-020-30 | G91: FR-020-30-10 | H91: 채새롬 | I91: 회계처리 및 자금집행과 관련된 업무는 철처히 분리되어야 한다. | J91: Low | K91: Low | L91: high | M91: Low | N91: Low | O91: LR | P91: 적정한 업무분장의 미비에 의한 부정과 오류의 발생가능성 및 부당한 자금이 집행될 위험 | Q91: 미지급전표의 생성과 승인업무의 분리 | R91: 미지급전표의 발의업무와 미지급전표의 승인(심사)업무는 서로 다른 담당자에 의하여 철저히 분리되어야 한다. | S91: Yes | T91: O | X91: O | Y91: O | Z91: P | AA91: M | AC91: O | AD91: O | AF91: O | AH91: O | AI91: 미지급금, 미지급비용 | AJ91: W | AK91: N/A | AL91: N/A | AM91: N/A | AN91: L | AO91: L | AP91: L | AQ91: L | AR91: L | AS91: L | AT91: L | AU91: L | AV91: Not Higher | AW91: 1. 구매요청부서에서는 구매요청품의를 작성하여 경영지원팀과 협의 후 각 전결권자의 승인을 득함. 이후 구매(매입)는 경영지원팀에서 진행함, 기타의 경비와 관련해서는 경영지원실에서 지출결의서와 작성하여 승인을 득하고 있음. 2. 경영지원팀에서는 거래명세서와 세금계산서를 수취하며 수취한 세금계산서를 참조하여 회계처리를 실시함. 3. 세금계산서를 수취하지 않는 거래는 발생 즉시 회계처리를 실시하지는 않으며, 지출결의서 작성시 경비구분을 표시하여 경영지원팀에 전달하고 경영지원팀에서 전표를 작성함. | AX91: 1. 구매요청부서에서는 구매요청품의를 작성하여 경영지원팀과 협의 후 각 전결권자의 승인을 득함. 이후 구매(매입)는 경영지원팀에서 진행함, 기타의 경비와 관련해서는 각 현업에서 승인받은 지출결의서와 관련 증빙을 경영지원팀에 전달함. 2. 경영지원팀에서는 거래명세서와 세금계산서를 수취하며 수취한 세금계산서를 참조하여 회계처리를 실시함. 3. 회사는 세금계산서 미수취 거래에 대하여 발생 즉시 회계처리를 실시하지는 않으며, 취합하여 경영지원팀에서 발생전표를 작성함. 4. 거래발생부서와 이를 기록(매입장 및 전표작성)하는 부서가 상이하고, 지급절차 중 출금결의서 작성 및 검토시 매입관련 증빙을 재확인함에 따라 부정의 가능성은 낮음. 다만, 실제 발생시 발생부서에서 관련 전표를 작성하지 않음에 따른 오류(거래실질과 관련없을)의 발생 가능성이 존재함. | BA91: O | BC91: 매입채무 및 미지급금 원장 | BD91: A | BE91: 5 | BF91: 【문서검사】 1. 표본기간중 미지급금 원장상의 미지급발생내역에서 표본을 추출한다. 2. 해당 전표의 최초 작성(발의)자와 회계전표를 최종 작성한 자가 구분되어 있는지 확인. 3. 해당 전표에 대해 적절한 승인권자의 승인이 이루어졌는지 확인. | BG91: 경영지원팀내 회계담당자 | BH91: RCM상 '관련 정책 및 문서'를 확인한 결과 통제활동은 해당 정책과 연계되어 있음을 확인함. | BI91: RCM상 기재된 관련 통제위험을 감소시킬수 있도록 통제가 효과적으로 설계 되었음 | BJ91: 예외사항은 해당 통제의 수행시 오류가 발생할 경우로 정의하며, 추가절차를 위해 별도로 설정한 threshold는 없으며, 예외사항 발생시 즉시 추가적인 절차를 취하도록 설계됨. | BK91: 통제를 수행하는데 사용된 정보에 대한 컨트롤이 적절히 수행되고 있음. | BL91: 해당 사업연도 초에 통제가 설계되었으며, 설계이후 해당 통제의 수행기간은 충분하다고 판단됨. | BM91: 업무경험과 교육이수 등을 고려할 때 통제 수행자의 적격성은 충분함 | BN91: 본 통제활동에서 다루는 미지급전표의 생성과 승인업무의 분리는 거래의 연간 발생 빈도 및 중요도를 고려하여 주기를 W로 설정하였으며 통제 수행빈도는 해당 위험의 적시 예방 적발을 위해 적절하다고 판단됨. | BO91: 해당 통제와 관련한 중요한 위험인 [회계처리 및 자금집행과 관련된 업무는 철처히 분리되어야 한다. ]에 대해 완전히 고려되고 있음. | BQ91: O | BS91: O | BW91: 미지급전표 및 지급전표에 대한 업무분장 | BX91: [현황] 출금결의서의 작성자와 검토자는 구분되어 있으며 . 출금내역을 바탕으로 전표 작성함. [잠재적위험] 비용이 과대계상될 위험 비용/현금 미지급금/현금 | BY91: 출금결의서는 미지급내역을 바탕으로 지급 전후를 비교하여 검토하는 절차를 구비한다. (장부 활용)
A92: 5 | B92: FR | C92: 재무결산과 보고 | D92: FR-020 | E92: 회계처리절차 및 계정원장관리 | F92: FR-020-40 | G92: FR-020-40-10 | H92: 이단비 채새롬 | I92: 지급전표의 승인(심사)권한은 허가받은 자로 제한되고, 양립할 수 없는 업무와 적절히 분장된다. | J92: Low | K92: high | L92: Low | M92: Low | N92: Low | O92: LR | P92: 전표승인(심사)에 대한 접근통제 미비로 인한 오류 및 부정발생가능성 | Q92: 지급전표 작성업무와 승인(심사)업무의 분리 | R92: 지급전표의 작성 담당자와 시스템상 승인(심사)권자는 철저히 업무가 분장되어야 한다. | S92: Yes | T92: O | X92: O | Y92: O | Z92: P | AA92: M | AC92: O | AD92: O | AG92: O | AI92: 미지급금, 미지급비용 | AJ92: W | AK92: N/A | AL92: N/A | AM92: N/A | AN92: L | AO92: L | AP92: L | AQ92: L | AR92: L | AS92: L | AT92: H | AU92: L | AV92: Not Higher | AW92: 1. ERP는 전표 작성 후 시스템상 승인을 실시해야 관련 회계처리가 총계정원장에 이기되도록 시스템화되어 있음. 2. 전표를 아마란스에서 상위권자의 승인을 득하고 있으며, 상위권자는 관련 전표를 확인 후 시스템상에서의 전표승인을 수행하는 경우 관련 전표가 총계정원장에 이기됨 | AX92: 1. 회사는 전표를 경영지원팀에서 일괄로 작성하며 별도의 승인절차를 거치지 않고 있음. 시스템자체도 전표작성시 바로 GL에 이기되는 시스템에 해당함. 2. 따라서 지급통제는 수행하나 지급전표의 작성과 승인에 대한 업무분장이 이루어지지 않고 있음. | BA92: O | BC92: 매입채무 및 미지급금 원장 | BD92: A | BE92: 5 | BF92: 【문서검사】 1. 표본기간중 미지급금 원장상의 지급내역에서 표본을 추출한다. 2. 해당 지급전표의 생성자와 이를 검토한 자가 서로 다른지 여부 확인 3. 지급담당자의 승인 및 검토가 이루어졌는지 여부 확인 | BG92: 경영지원팀내 회계담당자 | BH92: RCM상 '관련 정책 및 문서'를 확인한 결과 통제활동은 해당 정책과 연계되어 있음을 확인함. | BI92: RCM상 기재된 관련 통제위험을 감소시킬수 있도록 통제가 효과적으로 설계 되었음 | BJ92: 예외사항은 해당 통제의 수행시 오류가 발생할 경우로 정의하며, 추가절차를 위해 별도로 설정한 threshold는 없으며, 예외사항 발생시 즉시 추가적인 절차를 취하도록 설계됨. | BK92: 통제를 수행하는데 사용된 정보에 대한 컨트롤이 적절히 수행되고 있음. | BL92: 해당 사업연도 초에 통제가 설계되었으며, 설계이후 해당 통제의 수행기간은 충분하다고 판단됨. | BM92: 업무경험과 교육이수 등을 고려할 때 통제 수행자의 적격성은 충분함 | BN92: 본 통제활동에서 다루는 지급전표 작성업무와 승인(심사)업무의 분리는 거래의 연간 발생 빈도 및 중요도를 고려하여 주기를 W로 설정하였으며 통제 수행빈도는 해당 위험의 적시 예방 적발을 위해 적절하다고 판단됨. | BO92: 해당 통제와 관련한 중요한 위험인 [지급전표의 승인(심사)권한은 허가받은 자로 제한되고, 양립할 수 없는 업무와 적절히 분장된다. ]에 대해 완전히 고려되고 있음. | BQ92: O | BS92: O
A93: 2 | B93: FR | C93: 재무결산과 보고 | D93: FR-030 | E93: 결산정보의 수집절차관리 | F93: FR-030-10 | G93: FR-030-10-10 | H93: 이단비 | I93: 결산조정은 정확하고 완전하게 이루어진다. | J93: Low | K93: high | L93: Low | M93: Low | N93: Low | O93: LR | P93: 필요한 결산조정의 누락 및 오류 등에 의해 재무제표가 왜곡될 위험 | Q93: 결산조정분개의 승인 | R93: 모든 결산조정분개는 권한있는 상위자의 승인을 득하여 반영되어야 한다. | S93: Yes | T93: O | U93: O | Y93: O | Z93: P | AA93: M | AB93: O | AC93: O | AD93: O | AG93: O | AI93: 전 계정 | AJ93: Q | AK93: N/A | AL93: 더존 | AM93: N/A | AN93: H | AO93: L | AP93: L | AQ93: L | AR93: L | AS93: L | AT93: H | AU93: L | AV93: Not Higher | AW93: 1. 회사의 결산관련 분개는 다음과 같음, 매출에 대한 진행율 계산, 퇴직급여충당부채, 선급비용, 외화평가, 유급휴가충당부채, 재고자산평가충당금, 감가상각 등 2. 결산항목에 대해서 관련 결산관련 내역을 경영지원팀에서 작성 후 팀장 검토가 이루어지고 있으며, 승인된 결산에 대해서만 전표처리가 이루어지고 있음 | AX93: 1. 회사의 결산관련 분개는 다음과 같음, 매출에 대한 진행율 계산, 퇴직급여충당부채, 선급비용, 외화평가, 유급휴가충당부채, 감가상각 등 2. 결산항목에 대해서 관련 결산관련 내역을 경영지원팀에서 작성 후 팀장 검토가 이루어지고 있으며, 승인된 결산에 대해서만 전표처리가 이루어지고 있음 | BA93: O | BC93: 결산전표 | BD93: A | BE93: 2 | BF93: 【문서검사】 1. 결산관련항목 중 1건을 추출하여 관련 전표가 생성되고, 그 전표에 대해서 적절한 승인이 이루어져 있는지를 확인한다. | BG93: 경영지원팀내 회계담당자 | BH93: RCM상 '관련 정책 및 문서'를 확인한 결과 통제활동은 해당 정책과 연계되어 있음을 확인함. | BI93: RCM상 기재된 관련 통제위험을 감소시킬수 있도록 통제가 효과적으로 설계 되었음 | BJ93: 예외사항은 해당 통제의 수행시 오류가 발생할 경우로 정의하며, 추가절차를 위해 별도로 설정한 threshold는 없으며, 예외사항 발생시 즉시 추가적인 절차를 취하도록 설계됨. | BK93: 통제를 수행하는데 사용된 정보에 대한 컨트롤이 적절히 수행되고 있음. | BL93: 해당 사업연도 초에 통제가 설계되었으며, 설계이후 해당 통제의 수행기간은 충분하다고 판단됨. | BM93: 업무경험과 교육이수 등을 고려할 때 통제 수행자의 적격성은 충분함 | BN93: 본 통제활동에서 다루는 결산조정분개의 승인는 거래의 연간 발생 빈도 및 중요도를 고려하여 주기를 Q로 설정하였으며 통제 수행빈도는 해당 위험의 적시 예방 적발을 위해 적절하다고 판단됨. | BO93: 해당 통제와 관련한 중요한 위험인 [결산조정은 정확하고 완전하게 이루어진다. ]에 대해 완전히 고려되고 있음. | BQ93: O | BS93: O | BW93: 수리된 회계전표의 검토절차 수립 | BX93: [현황] 전표 작성시 ERP에서 전표를 작성하는 경우 즉시 총계정원장에 이기되어 재무제표에 반영이 이루어짐 [잠재적위험] 비용이 과대계상될 위험 비용/현금 미지급금/현금 | BY93: ERP상에서의 검토 및 승인, 혹은 출력을 통한 검토 및 승인 절차를 갖추어야함. 승인된 전표와 최종 반영된 전표가 일치하는지를 확인하는 절차를 구비하여야 함.
A94: 2 | B94: FR | C94: 재무결산과 보고 | D94: FR-040 | E94: 재무제표작성과 보고절차의 관리 | F94: FR-040-10 | G94: FR-040-10-10 | H94: 이단비 | I94: 비경상적인 변동항목은 적시에 그 내용이 파악되고 변동원인이 분석되어야 한다. | J94: high | K94: Low | L94: Low | M94: high | N94: Low | O94: HR | P94: 부정확한 회계정보로 인하여 재무제표가 정확한 재무정보를 반영하지 못할 위험 | Q94: 분석적검토에 의한 비경상적항목의 파악 및 타당성확보 | R94: 시산표의 각 항목은 분석적검토에 의하여 주요 변동원인이 적정히 파악되어야 하며, 비경상적 변동에 대하여는 변동원인의 타당성을 확보하기 위하여 관련 원인의 분석이 수행되어야 한다. | S94: Yes | U94: O | X94: O | Z94: P | AA94: M | AB94: O | AD94: O | AF94: O | AH94: O | AI94: 전 계정 | AJ94: Q | AK94: N/A | AL94: 더존 | AM94: N/A | AN94: L | AO94: L | AP94: L | AQ94: L | AR94: L | AS94: L | AT94: H | AU94: L | AV94: Not Higher | AW94: 1. 월별로 결산항목을 제외한 재무제표에 대해서는 마감을 실시하고 있음. 핵심지표 등 주요 재무제표내용은 월별 회의에 있어서 관련 보고가 이루어지고 있음. 2. 동 보고에 있어 재무제표에 대한 분석 및 비경상적 사항에 대한 보고가 이루어지고 있음. | AX94: 1. 회사는 월별로 결산항목을 제외한 재무제표에 대해서는 마감을 실시하고 있음. 핵심지표 등 주요 재무제표내용은 월별 회의에 있어서 관련 보고가 이루어지고 있음. 2. 동 보고에 있어 재무제표에 대한 분석 및 비경상적 사항에 대한 보고가 이루어지고 있음. | BA94: O | BC94: 월간회의보고자료(인트라원) | BD94: M | BE94: 2 | BF94: 【문서검사】 1. 월간회의에 보고된 재무자료를 징구함. 2. 동 보고자료를 근거로 보고가 이루어졌는지 확인한다. | BG94: 경영지원팀내 회계담당자 | BH94: RCM상 '관련 정책 및 문서'를 확인한 결과 통제활동은 해당 정책과 연계되어 있음을 확인함. | BI94: RCM상 기재된 관련 통제위험을 감소시킬수 있도록 통제가 효과적으로 설계 되었음 | BJ94: 예외사항은 해당 통제의 수행시 오류가 발생할 경우로 정의하며, 추가절차를 위해 별도로 설정한 threshold는 없으며, 예외사항 발생시 즉시 추가적인 절차를 취하도록 설계됨. | BK94: 통제를 수행하는데 사용된 정보에 대한 컨트롤이 적절히 수행되고 있음. | BL94: 해당 사업연도 초에 통제가 설계되었으며, 설계이후 해당 통제의 수행기간은 충분하다고 판단됨. | BM94: 업무경험과 교육이수 등을 고려할 때 통제 수행자의 적격성은 충분함 | BN94: 본 통제활동에서 다루는 분석적검토에 의한 비경상적항목의 파악 및 타당성확보는 거래의 연간 발생 빈도 및 중요도를 고려하여 주기를 Q로 설정하였으며 통제 수행빈도는 해당 위험의 적시 예방 적발을 위해 적절하다고 판단됨. | BO94: 해당 통제와 관련한 중요한 위험인 [비경상적인 변동항목은 적시에 그 내용이 파악되고 변동원인이 분석되어야 한다. ]에 대해 완전히 고려되고 있음. | BQ94: O | BS94: O
A95: 2 | B95: FR | C95: 재무결산과 보고 | D95: FR-040 | E95: 재무제표작성과 보고절차의 관리 | F95: FR-040-20 | G95: FR-040-20-10 | H95: 이단비 | I95: 발생한 모든 거래는 정확하고 완전하게 총계정원장에 집계되어야 한다. | J95: Low | K95: Low | L95: Low | M95: Low | N95: Low | O95: LR | P95: 회계처리의 누락 및 오류 등으로 인하여 부정확한 재무정보가 산출될 위험 | Q95: 계정잔액명세서의 작성 및 시산표상 각 항목의 대사 | R95: 결산이 완료되면 계정별잔액명세를 작성하여 시산표상의 잔액과 일치하는지 대사하고 차이에 대한 원인이 파악되어야 한다. | S95: Yes | X95: O | Y95: O | Z95: P | AA95: M | AB95: O | AC95: O | AE95: O | AF95: O | AH95: O | AI95: 전 계정 | AJ95: Q | AK95: N/A | AL95: N/A | AM95: N/A | AN95: L | AO95: L | AP95: L | AQ95: L | AR95: L | AS95: L | AT95: H | AU95: L | AV95: Not Higher | AW95: 1. 분기 결산시에 ERP상 결산내역을 근거로 잔액명세를 포함한 결산서를 작성하고 있으며, 이를 회계감사시 제시하고 수정사항에 대한 조정 등을 실시함. 2. 결산서의 작성에 있어서는 각 계정별 잔액과의 일치여부를 검증함. | AX95: 1. 분기 결산시에 ERP상 결산내역을 근거로 잔액명세를 포함한 결산서를 작성하고 있으며, 이를 회계감사시 제시하고 수정사항에 대한 조정 등을 실시함. 2. 결산서의 작성에 있어서는 각 계정별 잔액과의 일치여부를 검증함. | AY95: O | BA95: O | BC95: 시산표/계정잔액명세서 | BD95: A | BE95: 2 | BF95: 【질문 및 문서검사】 1. 결산수행시 시산표의 각 계정잔액과 계정잔액명세서를 대사하는 절차를 수행하는지 질문한다. 2. 해당 기간의 시산표 및 계정잔액명세서를 징구하여 각 항목이 상호 일치하는지 대사하여 확인한다. | BG95: 경영지원팀내 회계담당자 | BH95: RCM상 '관련 정책 및 문서'를 확인한 결과 통제활동은 해당 정책과 연계되어 있음을 확인함. | BI95: RCM상 기재된 관련 통제위험을 감소시킬수 있도록 통제가 효과적으로 설계 되었음 | BJ95: 예외사항은 해당 통제의 수행시 오류가 발생할 경우로 정의하며, 추가절차를 위해 별도로 설정한 threshold는 없으며, 예외사항 발생시 즉시 추가적인 절차를 취하도록 설계됨. | BK95: 통제를 수행하는데 사용된 정보에 대한 컨트롤이 적절히 수행되고 있음. | BL95: 해당 사업연도 초에 통제가 설계되었으며, 설계이후 해당 통제의 수행기간은 충분하다고 판단됨. | BM95: 업무경험과 교육이수 등을 고려할 때 통제 수행자의 적격성은 충분함 | BN95: 본 통제활동에서 다루는 계정잔액명세서의 작성 및 시산표상 각 항목의 대사는 거래의 연간 발생 빈도 및 중요도를 고려하여 주기를 Q로 설정하였으며 통제 수행빈도는 해당 위험의 적시 예방 적발을 위해 적절하다고 판단됨. | BO95: 해당 통제와 관련한 중요한 위험인 [발생한 모든 거래는 정확하고 완전하게 총계정원장에 집계되어야 한다. ]에 대해 완전히 고려되고 있음. | BQ95: O | BS95: O
A96: 2 | B96: FR | C96: 재무결산과 보고 | D96: FR-040 | E96: 재무제표작성과 보고절차의 관리 | F96: FR-040-60 | G96: FR-040-60-10 | H96: 이단비 | I96: 우발부채 및 약정사항은 정확하게 기록되어야 한다. | J96: high | K96: high | L96: Low | M96: Low | N96: Low | O96: HR | P96: 우발부채 및 약정사항과 소송사건이 주석에서 누락된다. | Q96: 우발부채 및 약정사항 검토 | R96: 재경팀 담당자는 금융기관으로부터 여신현황, 법무팀의 소송사건 내역을 확인하여 우발부채 및 약정사항을 작성한다. | S96: Yes | U96: O | X96: O | Y96: O | Z96: P | AA96: M | AB96: O | AC96: O | AF96: O | AG96: O | AI96: 우발부채 및 약정사항 주석 | AJ96: Q | AK96: N/A | AL96: N/A | AM96: N/A | AN96: L | AO96: L | AP96: L | AQ96: L | AR96: L | AS96: H | AT96: L | AU96: L | AV96: Not Higher | AW96: 결산담당 전결권자는 약정 및 우발사항에 대한 주석공시 사항이 적절한지 검토 후 승인한다. | AX96: N/A | BA96: O | BC96: 우발부채 주석공시내역 | BD96: A | BE96: 2 | BF96: 【문서검사】 1. 표본기간 중 결산일을 모집단으로 하여 표본수에 해당하는 우발부채 체크리스트 및 재무제표(주석포함)를 추출한다. 2. 우발부채 주석공시 금액의 추정이 정확한지를 근거자료를 검토하여 확인한다. 3. 주석의 약정 및 우발사항이 누락없이 정확히 재무제표에 반영되었는지 확인한다. 4. 이에 대한 전결권자의 승인 여부를 확인한다. | BG96: 경영지원팀내 회계담당자 | BH96: RCM상 '관련 정책 및 문서'를 확인한 결과 통제활동은 해당 정책과 연계되어 있음을 확인함. | BI96: RCM상 기재된 관련 통제위험을 감소시킬수 있도록 통제가 효과적으로 설계 되었음 | BJ96: 예외사항은 해당 통제의 수행시 오류가 발생할 경우로 정의하며, 추가절차를 위해 별도로 설정한 threshold는 없으며, 예외사항 발생시 즉시 추가적인 절차를 취하도록 설계됨. | BK96: 통제를 수행하는데 사용된 정보에 대한 컨트롤이 적절히 수행되고 있음. | BL96: 해당 사업연도 초에 통제가 설계되었으며, 설계이후 해당 통제의 수행기간은 충분하다고 판단됨. | BM96: 업무경험과 교육이수 등을 고려할 때 통제 수행자의 적격성은 충분함 | BN96: 본 통제활동에서 다루는 우발부채 및 약정사항 검토 는 거래의 연간 발생 빈도 및 중요도를 고려하여 주기를 Q로 설정하였으며 통제 수행빈도는 해당 위험의 적시 예방 적발을 위해 적절하다고 판단됨. | BO96: 해당 통제와 관련한 중요한 위험인 [우발부채 및 약정사항은 정확하게 기록되어야 한다. ]에 대해 완전히 고려되고 있음. | BQ96: O | BS96: O
A97: 1 | B97: FR | C97: 재무결산과 보고 | D97: FR-050 | E97: 법인세비용관리 | F97: FR-050-10 | G97: FR-050-10-20 | H97: 노정희 | I97: 법인세 세무조정은 누락됨이 없이 완전하고 정확하게 이루어져야 한다. | J97: high | K97: Low | L97: high | M97: Low | N97: high | O97: HR | P97: 세무조정사항의 누락 및 기초 자료의 오류 등에 의하여 세무조정에 오류가 발생할 위험 | Q97: 세무조정시 상위자의 검토 | R97: 세무조정결과의 계산근거와 업무분장된 분석자료는 권한있는 상위자에 의하여 문서검사, 분석, 승인되어야 한다. | S97: Yes | T97: O | U97: O | Y97: O | Z97: P | AA97: M | AB97: O | AC97: O | AE97: O | AF97: O | AG97: O | AH97: O | AI97: 이연법인세자산, 당기법인세자산, 법인세비용 | AJ97: A | AK97: Y | AL97: N/A | AM97: 이연법인세 검토 MRC | AN97: H | AO97: L | AP97: H | AQ97: L | AR97: L | AS97: L | AT97: H | AU97: L | AV97: Not Higher | AW97: 1. 세무조정계산서 및 근거자료는 외부전문가에게 제출되어 검토를 의뢰하고 있음. 2. 외부전문가는 세무조정계산서의 완전성 및 정확성에 대해 검토한 후 세무조정계산서에 날인을 실시하며, 날인된 세무조정계산서는 회사에 인계가 이루어짐. 3. 날인된 세무조정계산서에 대하여 승인권자의 승인을 득한 후, 국세청 전자신고를 이용하여 법인세 신고를 외부전문가에게 의뢰함. 신고시 접수증, 납부영수증을 출력하여 법인세 납부에 사용하는 한편, 외부전문가의 날인이 포함된 세무조정계산서,결산서,감사보고서를 익월 말 일 내에 관할 세무서에 제출함. 4. 관련 승인권자의 검토 및 승인내역은 세무조정 Checklist와 함께 별도 보관이 이루어지고 있음. | AX97: 1. 경영지원팀의 담당자가 외부전문가가 수행한 세무조정에 대한 검토를 수행하고 있음. 2. 세무조정 결과의 적절성에 대한 내부적인 검토 및 추가 승인절차는 존재하지 않음. | BA97: O | BC97: 세무조정 보고자료 | BD97: A | BE97: 1 | BF97: 【문서검사】 세무조정 보고자료를 징구하여 권한 있는 상위자의 검토 및 승인을 득하였는지 확인한다. | BG97: 경영지원팀내 회계담당자 | BH97: RCM상 '관련 정책 및 문서'를 확인한 결과 통제활동은 해당 정책과 연계되어 있음을 확인함. | BI97: RCM상 기재된 관련 통제위험을 감소시킬수 있도록 통제가 효과적으로 설계 되었음 | BJ97: 예외사항은 해당 통제의 수행시 오류가 발생할 경우로 정의하며, 추가절차를 위해 별도로 설정한 threshold는 없으며, 예외사항 발생시 즉시 추가적인 절차를 취하도록 설계됨. | BK97: 통제를 수행하는데 사용된 정보에 대한 컨트롤이 적절히 수행되고 있음. | BL97: 해당 사업연도 초에 통제가 설계되었으며, 설계이후 해당 통제의 수행기간은 충분하다고 판단됨. | BM97: 업무경험과 교육이수 등을 고려할 때 통제 수행자의 적격성은 충분함 | BN97: 본 통제활동에서 다루는 세무조정시 상위자의 검토는 거래의 연간 발생 빈도 및 중요도를 고려하여 주기를 A로 설정하였으며 통제 수행빈도는 해당 위험의 적시 예방 적발을 위해 적절하다고 판단됨. | BO97: 해당 통제와 관련한 중요한 위험인 [법인세 세무조정은 누락됨이 없이 완전하고 정확하게 이루어져야 한다. ]에 대해 완전히 고려되고 있음. | BQ97: O | BS97: O | BW97: 세무조정 Checklist의 구비 및 세무조정에 대한 내부검토 | BX97: [현황] 외부전문가가 수행한 업무를 제시받아 회사가 검토함. [잠재적위험] 이연법인세 등 세무조정사항에 대하여 회사가 세부항목을 관리하고 증감의 정확성을 검토하는 절차가 누락되어 법인세비용이 부정확하거나 완전하지 아니할 위험. | BY97: 회사가 직접 법인세 조정업무를 수행한 후 외부전문가의 업무와 비교하는 절차를 구비한다.
A98: 2 | B98: FR | C98: 재무결산과 보고 | D98: FR-060 | E98: 부가가치세 관리 | F98: FR-060-20 | G98: FR-060-20-10 | H98: 채새롬 | I98: 부가가치세 신고 금액은 정확히 계산되어야 한다. | J98: Low | K98: Low | L98: Low | M98: Low | N98: Low | O98: LR | P98: 부정확한 부가가치세신고로 인해 부가가치세를 과다 또는 과소 납부할 위험 및 향후 가산세를 추징당할 위험 | Q98: 매출액과 부가가치세과세표준의 대사 | R98: 회계상 매출액과 부가가치세 과세표준은 신고기간별로 대사되며 차이가 발생하는 경우 그 원인을 파악하고 해당 거래에 대한 검토가 이루어져야 한다. | S98: Yes | U98: O | X98: O | Z98: P | AA98: M | AB98: O | AC98: O | AG98: O | AI98: 부가가치세 예수금 | AJ98: Q | AK98: N/A | AL98: 더존 | AM98: N/A | AN98: L | AO98: L | AP98: L | AQ98: L | AR98: L | AS98: H | AT98: L | AU98: L | AV98: Not Higher | AW98: 1. 경영지원팀에서는 부가세신고에 있어 전자세금계산서 등의 발행 및 수취내역과 회계처리내역을 비교 검토하고 있으며, 차이가 발생할 경우 원인을 분석하는 한편, 회계처리의 수정 및 보완 또는 부가가치세 신고서의 수정등 절차를 수행하고 있음 2. 부가세 신고에 있어 매출과 차이가 나는 경우는 고정자산 매각 및 간주임대료 등이 존재하며 이러한 차이내역은 부가세신고시에 관련 내역을 경영지원팀내에서 검토 및 보고를 수행하고 있음 | AX98: 1. 경영지원팀에서는 부가세신고에 있어 전자세금계산서 등의 발행 및 수취내역과 회계처리내역을 비교 검토하고 있으며, 차이가 발생할 경우 원인을 분석하는 한편, 회계처리의 수정 및 보완 또는 부가가치세 신고서의 수정등 절차를 수행하고 있음 2. 부가세 신고에 있어 매출과 차이가 나는 경우는 고정자산 매각 및 간주임대료 등이 존재하며 이러한 차이내역은 부가세신고시에 관련 내역을 경영지원팀내에서 검토 및 보고를 수행하고 있음 | BA98: O | BC98: 부가세예수금,부가세대급금 보조원장,매입매출장,부가세신고서 | BD98: A | BE98: 2 | BF98: 【문서검사】 부가가치세신고내역과 회사 매출액을 신고기간별로 대사하고 차이내역에 대한 검토 및 승인이 이루어지고 있는지 확인 | BG98: 경영지원팀내 회계담당자 | BH98: RCM상 '관련 정책 및 문서'를 확인한 결과 통제활동은 해당 정책과 연계되어 있음을 확인함. | BI98: RCM상 기재된 관련 통제위험을 감소시킬수 있도록 통제가 효과적으로 설계 되었음 | BJ98: 예외사항은 해당 통제의 수행시 오류가 발생할 경우로 정의하며, 추가절차를 위해 별도로 설정한 threshold는 없으며, 예외사항 발생시 즉시 추가적인 절차를 취하도록 설계됨. | BK98: 통제를 수행하는데 사용된 정보에 대한 컨트롤이 적절히 수행되고 있음. | BL98: 해당 사업연도 초에 통제가 설계되었으며, 설계이후 해당 통제의 수행기간은 충분하다고 판단됨. | BM98: 업무경험과 교육이수 등을 고려할 때 통제 수행자의 적격성은 충분함 | BN98: 본 통제활동에서 다루는 매출액과 부가가치세과세표준의 대사는 거래의 연간 발생 빈도 및 중요도를 고려하여 주기를 Q로 설정하였으며 통제 수행빈도는 해당 위험의 적시 예방 적발을 위해 적절하다고 판단됨. | BO98: 해당 통제와 관련한 중요한 위험인 [부가가치세 신고 금액은 정확히 계산되어야 한다. ]에 대해 완전히 고려되고 있음. | BQ98: O | BS98: O
A99: 2 | B99: IT | C99: 정보시스템관리 | D99: IT-020 | E99: 정보보안 | F99: IT-020-10 | G99: IT-020-10-30 | H99: 전용남 | I99: 재무보고 시스템과 그 하부시스템들은 승인받지 않은 사용과 정보공개, 변경, 데이터의 손상이나 손실로 부터 적절히 보호되고 있다. | J99: Low | K99: high | L99: Low | M99: Low | N99: Low | O99: LR | P99: 적절하지 못한 보안정책 및 대응절차로 인하여 비인가자에 의한 재무 데이터 변경 및 손실로 부터 보호되지 못할 위험 | Q99: 사용자 계정 생성/변경/폐기 관리 | R99: 사용자 계정을 적시에 생성, 제공, 정지 및 폐쇄하는 것을 보증하기 위한 절차가 존재하고 준수된다. | S99: Yes | W99: O | X99: O | Z99: P | AA99: M | AB99: O | AC99: O | AE99: O | AF99: O | AG99: O | AH99: O | AI99: 전 계정 | AJ99: Q | AK99: N/A | AL99: 더존 | AM99: N/A | AN99: L | AO99: L | AP99: H | AQ99: H | AR99: L | AS99: L | AT99: L | AU99: L | AV99: Not Higher | AW99: 회사는 현재 마스터1개,회계3개,인사1개 총 5개의 계정을 사용하고 있음. 1. ID의 생성은 위하고 웹을 통하여 가능함. 2. 마스터 ID로 접속하여 각 계정에 대하여 세부 권한을 부여 및 회수 할 수 있음. | AX99: 회사는 현재 마스터1개,회계3개,인사1개 총 5개의 계정을 사용하고 있음. 1. ID의 생성은 위하고 웹을 통하여 가능함. 2. 마스터 ID로 접속하여 각 계정에 대하여 세부 권한을 부여 및 회수 할 수 있음. | AY99: O | BB99: O | BC99: ERP권한 부여 현황 | BD99: A | BE99: 2 | BF99: 【질문 및 재수행】 모듈별 사용권한에 대해 질문하고 업무모듈별 권한부여내역과 현재 권한부여 현황을 대사함 | BG99: 전결권자 | BH99: RCM상 '관련 정책 및 문서'를 확인한 결과 통제활동은 해당 정책과 연계되어 있음을 확인함. | BI99: RCM상 기재된 관련 통제위험을 감소시킬수 있도록 통제가 효과적으로 설계 되었음 | BJ99: 예외사항은 해당 통제의 수행시 오류가 발생할 경우로 정의하며, 추가절차를 위해 별도로 설정한 threshold는 없으며, 예외사항 발생시 즉시 추가적인 절차를 취하도록 설계됨. | BK99: 통제를 수행하는데 사용된 정보에 대한 컨트롤이 적절히 수행되고 있음. | BL99: 해당 사업연도 초에 통제가 설계되었으며, 설계이후 해당 통제의 수행기간은 충분하다고 판단됨. | BM99: 업무경험과 교육이수 등을 고려할 때 통제 수행자의 적격성은 충분함 | BN99: 본 통제활동에서 다루는 사용자 계정 생성/변경/폐기 관리는 거래의 연간 발생 빈도 및 중요도를 고려하여 주기를 Q로 설정하였으며 통제 수행빈도는 해당 위험의 적시 예방 적발을 위해 적절하다고 판단됨. | BO99: 해당 통제와 관련한 중요한 위험인 [재무보고 시스템과 그 하부시스템들은 승인받지 않은 사용과 정보공개, 변경, 데이터의 손상이나 손실로 부터 적절히 보호되고 있다. ]에 대해 완전히 고려되고 있음. | BQ99: O | BS99: O
A100: 2 | B100: IT | C100: 정보시스템관리 | D100: IT-020 | E100: 정보보안 | F100: IT-020-20 | G100: IT-020-20-10 | H100: 유헌종 | I100: 경영진의 보안 의지가 조직내에 효과적으로 반영되어야 한다. | J100: Low | K100: Low | L100: Low | M100: Low | N100: Low | O100: LR | P100: 경영진의 보안의지가 불충분하게 표현되어 불충분한 보안관리 및 보안의식이 형성될 위험 | Q100: 보안정책-보안서약서 | R100: 신입사원 채용 및 임직원의 퇴사 시 비밀유지서약서가 작성되어 보관된다. | S100: Yes | U100: O | W100: O | X100: O | Z100: P | AA100: M | AB100: O | AC100: O | AD100: O | AG100: O | AI100: 전 계정 | AJ100: M | AK100: N/A | AL100: N/A | AM100: N/A | AN100: L | AO100: L | AP100: L | AQ100: L | AR100: L | AS100: L | AT100: L | AU100: L | AV100: Not Higher | AW100: 1. 입사 및 퇴사시에 비밀유지계약서를 작성하여 관리하고 있음. | AX100: 1. 입사 및 퇴사시에 비밀유지계약서를 작성하여 관리하고 있음. | BA100: O | BC100: 입/퇴사자 명단 | BD100: A | BE100: 2 | BF100: 【문서검사】 표본기간 중 입퇴사자 명단을 입수하여 표본을 선정함. 1. 해당 표본이 작성한 비밀유지계약서가 있는지 확인함 | BG100: 전결권자 | BH100: RCM상 '관련 정책 및 문서'를 확인한 결과 통제활동은 해당 정책과 연계되어 있음을 확인함. | BI100: RCM상 기재된 관련 통제위험을 감소시킬수 있도록 통제가 효과적으로 설계 되었음 | BJ100: 예외사항은 해당 통제의 수행시 오류가 발생할 경우로 정의하며, 추가절차를 위해 별도로 설정한 threshold는 없으며, 예외사항 발생시 즉시 추가적인 절차를 취하도록 설계됨. | BK100: 통제를 수행하는데 사용된 정보에 대한 컨트롤이 적절히 수행되고 있음. | BL100: 해당 사업연도 초에 통제가 설계되었으며, 설계이후 해당 통제의 수행기간은 충분하다고 판단됨. | BM100: 업무경험과 교육이수 등을 고려할 때 통제 수행자의 적격성은 충분함 | BN100: 본 통제활동에서 다루는 보안정책-보안서약서는 거래의 연간 발생 빈도 및 중요도를 고려하여 주기를 M로 설정하였으며 통제 수행빈도는 해당 위험의 적시 예방 적발을 위해 적절하다고 판단됨. | BO100: 해당 통제와 관련한 중요한 위험인 [경영진의 보안 의지가 조직내에 효과적으로 반영되어야 한다. ]에 대해 완전히 고려되고 있음. | BQ100: O | BS100: O

Sheet Sheet2
C7: 구분 | D7: 프로세스 | E7: KEY CONTROL 핵심통제 | F7: 기말 (25.12월) | I7: 비고 | K7: 구분 | L7: 프로세스 | M7: KEY CONTROL 핵심통제 | N7: 기말 (25.12월) | S7: 비고
F8: 설계평가 | G8: 운영평가 | H8: 회계감사인평가 | N8: 설계평가 | O8: 운영평가 | P8: 감사인평가 | Q8: 유의적인미비점 | R8: 개선항목
C9: 업무 수준 통제 | D9: 매출관리 | E9: =COUNTIF(Sheet1!$C:$C,Sheet2!D9) -> 8 | F9: =E9 -> 8 | G9: =SUMIF(Sheet1!$C:$C,Sheet2!D9,Sheet1!$A:$A) -> 37 | H9: =G9 -> 37 | I9: 매출계약 전표승인, 신용한도內 채권관리, 대손설정 外 | K9: 업무 수준 통제 | L9: 매출관리 | M9: =COUNTIF(Sheet1!$C:$C,Sheet2!L9) -> 8 | N9: =M9 -> 8 | O9: =SUMIF(Sheet1!$C:$C,Sheet2!L9,Sheet1!$A:$A) -> 37 | P9: =O9 -> 37 | Q9: 0 | R9: 1
D10: 자금관리 | E10: =COUNTIF(Sheet1!$C:$C,Sheet2!D10) -> 14 | F10: =E10 -> 14 | G10: =SUMIF(Sheet1!$C:$C,Sheet2!D10,Sheet1!$A:$A) -> 41 | H10: =G10 -> 41 | I10: 인터넷뱅킹 이중보안, 투자자산 취득/처분 통제 外 | L10: 자금관리 | M10: =COUNTIF(Sheet1!$C:$C,Sheet2!L10) -> 14 | N10: =M10 -> 14 | O10: =SUMIF(Sheet1!$C:$C,Sheet2!L10,Sheet1!$A:$A) -> 41 | P10: =O10 -> 41 | Q10: 0 | R10: 0
D11: 급여 및 인사관리 | E11: =COUNTIF(Sheet1!$C:$C,Sheet2!D11) -> 10 | F11: =E11 -> 10 | G11: =SUMIF(Sheet1!$C:$C,Sheet2!D11,Sheet1!$A:$A) -> 17 | H11: =G11 -> 17 | I11: 인사기록카드 관리, 급여/퇴직금 산정 승인 및 정확성 外 | L11: 급여 및 인사관리 | M11: =COUNTIF(Sheet1!$C:$C,Sheet2!L11) -> 10 | N11: =M11 -> 10 | O11: =SUMIF(Sheet1!$C:$C,Sheet2!L11,Sheet1!$A:$A) -> 17 | P11: =O11 -> 17 | Q11: 0 | R11: 2 | S11: 매출전표 승인 보안필요 등 비고사항 구체화
D12: 고정자산관리 | E12: =COUNTIF(Sheet1!$C:$C,Sheet2!D12) -> 7 | F12: =E12 -> 7 | G12: =SUMIF(Sheet1!$C:$C,Sheet2!D12,Sheet1!$A:$A) -> 11 | H12: =G12 -> 11 | I12: 유형자산 취득/처분 승인, 상각비 계산 정확성 外 | L12: 고정자산관리 | M12: =COUNTIF(Sheet1!$C:$C,Sheet2!L12) -> 7 | N12: =M12 -> 7 | O12: =SUMIF(Sheet1!$C:$C,Sheet2!L12,Sheet1!$A:$A) -> 11 | P12: =O12 -> 11 | Q12: 0 | R12: 3
D13: 경비관리 | E13: =COUNTIF(Sheet1!$C:$C,Sheet2!D13) -> 3 | F13: =E13 -> 3 | G13: =SUMIF(Sheet1!$C:$C,Sheet2!D13,Sheet1!$A:$A) -> 13 | H13: =G13 -> 13 | I13: 지출결의서 승인, 판매수수료정산 검토 外 | L13: 경비관리 | M13: =COUNTIF(Sheet1!$C:$C,Sheet2!L13) -> 3 | N13: =M13 -> 3 | O13: =SUMIF(Sheet1!$C:$C,Sheet2!L13,Sheet1!$A:$A) -> 13 | P13: =O13 -> 13 | Q13: 0 | R13: 0
D14: 재무결산과 보고 | E14: =COUNTIF(Sheet1!$C:$C,Sheet2!D14) -> 12 | F14: =E14 -> 12 | G14: =SUMIF(Sheet1!$C:$C,Sheet2!D14,Sheet1!$A:$A) -> 37 | H14: =G14 -> 37 | I14: 결산규정구비, 회계처리, 지급전표 업무분장 外 | L14: 재무결산과 보고 | M14: =COUNTIF(Sheet1!$C:$C,Sheet2!L14) -> 12 | N14: =M14 -> 12 | O14: =SUMIF(Sheet1!$C:$C,Sheet2!L14,Sheet1!$A:$A) -> 37 | P14: =O14 -> 37 | Q14: 0 | R14: 0
C15: 소계 | E15: =SUM(E9:E14) -> 54 | F15: =SUM(F9:F14) -> 54 | G15: =SUM(G9:G14) -> 156 | H15: =SUM(H9:H14) -> 156 | K15: 소계 | M15: =SUM(M9:M14) -> 54 | N15: =SUM(N9:N14) -> 54 | O15: =SUM(O9:O14) -> 156 | P15: =SUM(P9:P14) -> 156
C16: 전사 | E16: =COUNTIF(Sheet1!$C:$C,Sheet2!C16) -> 37 | F16: =E16 -> 37 | G16: =SUMIF(Sheet1!$C:$C,Sheet2!C16,Sheet1!$A:$A) -> 37 | H16: =G16 -> 37 | I16: 윤리경영정책, 내부회계관리제도 및 감사위원회 감독기능 外 | K16: 전사 | M16: =COUNTIF(Sheet1!$C:$C,Sheet2!K16) -> 37 | N16: =M16 -> 37 | O16: =SUMIF(Sheet1!$C:$C,Sheet2!K16,Sheet1!$A:$A) -> 37 | P16: =O16 -> 37 | Q16: 0 | R16: 0
C17: 정보시스템관리 | E17: =COUNTIF(Sheet1!$C:$C,Sheet2!C17) -> 2 | F17: =E17 -> 2 | G17: =SUMIF(Sheet1!$C:$C,Sheet2!C17,Sheet1!$A:$A) -> 4 | H17: =G17 -> 4 | I17: ERP 사용자계정관리, 보안서약서 外 | K17: 정보시스템관리 | M17: =COUNTIF(Sheet1!$C:$C,Sheet2!K17) -> 2 | N17: =M17 -> 2 | O17: =SUMIF(Sheet1!$C:$C,Sheet2!K17,Sheet1!$A:$A) -> 4 | P17: =O17 -> 4 | Q17: 0 | R17: 0
C18: 총계 | E18: =SUM(E15:E17) -> 93 | F18: =SUM(F15:F17) -> 93 | G18: =SUM(G15:G17) -> 197 | H18: =SUM(H15:H17) -> 197 | K18: 총계 | M18: =SUM(M15:M17) -> 93 | N18: =SUM(N15:N17) -> 93 | O18: =SUM(O15:O17) -> 197 | P18: =SUM(P15:P17) -> 197
K19: → 27년도에는 (26년도 작성할때)
K20: 유의적인 미비점, 개선사항도 카운팅해서 열 추가
C23: 구분 | D23: 프로세스 | E23: KEY CONTROL 핵심통제 | F23: 기말 (25.12월) | G23: 평가결과
F24: 지원조직평가
C25: 업무 수준 통제 | D25: 매출관리 | E25: =COUNTIF(Sheet1!$C:$C,Sheet2!D25) -> 8 | F25: =E25 -> 8 | G25: 대손충당금 산정 보고 및 승인 필요
D26: 자금관리 | E26: =COUNTIF(Sheet1!$C:$C,Sheet2!D26) -> 14 | F26: =E26 -> 14 | G26: 자체 금융상품평가서 작성 및 장부 반영 필요
D27: 급여 및 인사관리 | E27: =COUNTIF(Sheet1!$C:$C,Sheet2!D27) -> 10 | F27: =E27 -> 10 | G27: 퇴사시 면담결과서 누락없이 진행 권고
D28: 고정자산관리 | E28: =COUNTIF(Sheet1!$C:$C,Sheet2!D28) -> 7 | F28: =E28 -> 7 | G28: -
D29: 경비관리 | E29: =COUNTIF(Sheet1!$C:$C,Sheet2!D29) -> 3 | F29: =E29 -> 3 | G29: -
D30: 재무결산과 보고 | E30: =COUNTIF(Sheet1!$C:$C,Sheet2!D30) -> 12 | F30: =E30 -> 12 | G30: -
C31: 소계 | E31: =SUM(E25:E30) -> 54 | F31: =SUM(F25:F30) -> 54
C32: 전사 | E32: =COUNTIF(Sheet1!$C:$C,Sheet2!C32) -> 37 | F32: =E32 -> 37 | G32: 내부회계관리제도에 대한 전사 교육 및 절차, 지침 리마인드/전반적인 프로세스 개선 필요
C33: 정보시스템관리 | E33: =COUNTIF(Sheet1!$C:$C,Sheet2!C33) -> 2 | F33: =E33 -> 2 | G33: -
C34: 총계 | E34: =SUM(E31:E33) -> 93 | F34: =SUM(F31:F33) -> 93
